Description,Latitude,Longitude
179002686,37.7892350328802,-122.395153862803
179002084,37.775420706711,-122.403404791479
170790452,37.7776995229633,-122.404608556416
170790060,37.7212381938463,-122.432006387715
170789972,37.7169710306637,-122.443431336458
170788548,37.7682726763619,-122.419983447697
170776913,37.7867787589097,-122.398261647342
170757117,37.7424861950899,-122.405667305759
170743025,37.7608815949553,-122.421569323299
170738270,37.7192981353952,-122.432384764371
170738195,37.7728606760218,-122.477766056728
170735088,37.7494360392756,-122.411595216432
170727239,37.7800332991006,-122.464279879446
170719957,37.7323169678772,-122.451154743104
170715193,37.7482130107284,-122.415863818297
170710698,37.774307949423,-122.458372853609
170710074,37.7814987213218,-122.404934413339
170704152,37.775420706711,-122.403404791479
170695006,37.7895016291913,-122.410271349769
170693856,37.7106886165247,-122.447596140416
170684689,37.764185882361,-122.446074883226
170682360,37.7340319720999,-122.389471535682
170677537,37.7909700100406,-122.402384024411
170660491,37.7759592691636,-122.491958145566
170655787,37.790369068882,-122.422330464198
170649003,37.7708917848848,-122.489804747862
170647530,37.7818621883021,-122.413869632554
170646065,37.7654078274267,-122.491003899271
170644122,37.7115816415732,-122.427965645504
170635911,37.734623708357,-122.475102006298
170634402,37.8054165242789,-122.415245418291
170634173,37.7703425963634,-122.436851371158
170633006,37.7604041413927,-122.463912591086
170632218,37.7912964515689,-122.40734222874
170631834,37.7341714275463,-122.387911252085
170628091,37.8013041477981,-122.424541870484
170607352,37.7802918808338,-122.500941509917
170606542,37.7652569107462,-122.481539457424
170602089,37.7805345385278,-122.408162953857
170598240,37.7698682392455,-122.422367409563
170593187,37.731010976896,-122.377002079936
170588291,37.775420706711,-122.403404791479
170586524,37.8071620563289,-122.408899279016
170584443,37.7237173829812,-122.437438118789
170583473,37.7844496612791,-122.416075285051
170581245,37.7877493946489,-122.390709004862
170579579,37.7318168390192,-122.467847128983
170560421,37.7630304437725,-122.410246127857
170555701,37.7980134745487,-122.405065483077
170552923,37.7530644943091,-122.405333200208
170551066,37.78123525699,-122.418809581375
170546459,37.7207231268789,-122.44660721495
170531701,37.7897619308836,-122.397576409113
170531369,37.78764305018,-122.403434086745
170528441,37.7772810373762,-122.462943389175
170526473,37.7163205020448,-122.437898876177
170114341,37.7143059429287,-122.469358835309
170079494,37.7761609195794,-122.405479270758
170078117,37.7139363117368,-122.435831640861
170072222,37.7825851968467,-122.415694922134
170067552,37.7763827130285,-122.394102624525
170067364,37.78764305018,-122.403434086745
170065170,37.7757824491205,-122.432040805587
170063679,37.7649968622937,-122.420580440111
170062035,37.7377539677995,-122.451605350304
170055563,37.7777903094246,-122.412834332129
170053119,37.757232227914,-122.415629332446
170048110,37.7796593150258,-122.438741737368
170029659,37.7616987104058,-122.477012148678
169001751,37.775420706711,-122.403404791479
161051960,37.7165298438451,-122.38877458521
161035588,37.745432674617,-122.401225687679
161033946,37.723484073117,-122.389054213243
161018487,37.7307202429367,-122.379903408428
161003745,37.7324430442707,-122.388078475154
160992624,37.7750203945871,-122.42260112019
160983112,37.775420706711,-122.403404791479
160977648,37.7471706659606,-122.413574507108
160976537,37.798999247001,-122.442649696374
160972789,37.7741822530143,-122.429178876168
160965803,37.7957850208314,-122.422595482535
160960756,37.7251508497015,-122.426913630332
160956012,37.793508101392,-122.397613296977
160954602,37.7442611846967,-122.387375448659
160954276,37.7779765037999,-122.409391574893
160952305,37.7825543452426,-122.397388784826
160950462,37.8078911906226,-122.410690675854
160916470,37.7282608048834,-122.444276463782
160911646,37.7863785494975,-122.395648600667
160910256,37.7937663104892,-122.43144962232
160909629,37.7663741221886,-122.452949003814
160906136,37.764029830097,-122.509399613079
160903665,37.7709281906269,-122.455290394663
160888437,37.7833088100846,-122.439480772242
160884087,37.7894107633457,-122.422139511488
160880091,37.7171734075622,-122.472570418291
160855389,37.7891758689754,-122.398319462935
160853355,37.760327629048,-122.508067688112
160847728,37.7274780810185,-122.391109751738
160833197,37.7946660680883,-122.403143342356
160832337,37.7324323864471,-122.391522893042
160830927,37.7899498165885,-122.410436716211
160826233,37.7620990020681,-122.415000536786
160819993,37.7748981937461,-122.389898139551
160811165,37.7629099368679,-122.445191652832
160808930,37.7792122590085,-122.410939205552
160796131,37.7686624037434,-122.419937703327
160789590,37.7736351065468,-122.440923876434
160752149,37.7962454397193,-122.423340546898
160750303,37.7437268170337,-122.48118317163
160731074,37.7847536577561,-122.421195221815
160730032,37.7698142360087,-122.417756708592
160719199,37.7903887572034,-122.414938763678
160710896,37.7142667343198,-122.467994568627
160708562,37.7099491573125,-122.419348416119
160697197,37.7775989759759,-122.455216836089
160696008,37.7366180913709,-122.431351280183
160686485,37.7138856796862,-122.448948938263
160685647,37.7209756888068,-122.391307417333
160682643,37.790099627367,-122.400316057286
160650402,37.7856407526644,-122.417999278691
160648009,37.7772741854354,-122.404071611406
160619652,37.7759819721841,-122.418025338851
160615321,37.7820565475813,-122.427400263419
160605855,37.7408236197194,-122.427694662516
160589817,37.7684043083075,-122.417803355796
160584174,37.739566960911,-122.406979507963
160573008,37.7135502908382,-122.436640620661
160555783,37.792148360458,-122.419381825804
160542774,37.7804777480508,-122.412515341356
160539793,37.7328555783463,-122.472918693396
160534715,37.7269905309861,-122.474899151688
160518258,37.7906117204093,-122.393413306041
160507449,37.7779765037999,-122.409391574893
160486047,37.7641937790242,-122.433075152403
160469297,37.7777992290419,-122.400302421513
160469247,37.7854818747419,-122.423031175088
160442566,37.778124778322,-122.391845617192
160436042,37.8054129166837,-122.403591933967
160435389,37.7837676393143,-122.466558183255
160434193,37.7834857455601,-122.412436901867
160429570,37.7572992974101,-122.414544668561
160426071,37.7794095734265,-122.425189655862
160410228,37.775420706711,-122.403404791479
160393204,37.778124778322,-122.391845617192
160389344,37.7880065324392,-122.399802145799
160384281,37.7140228183784,-122.471720962057
160383829,37.775420706711,-122.403404791479
160383766,37.7798294192767,-122.402842748428
160373676,37.7398702066093,-122.424147588961
160358349,37.8059780915542,-122.418382738348
160337553,37.7991423265238,-122.408407397189
160335262,37.7876453111782,-122.413056449036
160325611,37.7675856525236,-122.417791285277
160314200,37.7187542939484,-122.41167412088
160311541,37.7450305770718,-122.494032406571
160307465,37.7152360301002,-122.463441431261
160287271,37.7640068508561,-122.507801507736
160279723,37.775420706711,-122.403404791479
160269536,37.794894461049,-122.42999047331
160263500,37.7281042223657,-122.402210107735
160238412,37.7855278107726,-122.422215377725
160236165,37.7815992798838,-122.45417655784
160231422,37.775420706711,-122.403404791479
160225726,37.7994880717633,-122.409017007613
160223184,37.7650501214668,-122.419671780296
160217347,37.7287201225647,-122.46180603591
160214280,37.7536252816751,-122.49040097876
160210959,37.7846680653938,-122.397816589532
160206942,37.7838344374141,-122.412930522059
160204673,37.7534118533817,-122.495225044311
160181576,37.7106886165247,-122.447596140416
160167792,37.7379666158769,-122.406910767793
160146564,37.7396837660913,-122.465236320714
160143601,37.7731622663575,-122.471240407085
160133373,37.8052850926566,-122.423658369809
160100883,37.78123525699,-122.418809581375
160089243,37.7619868778791,-122.470466360727
160049720,37.7763700981455,-122.419507546169
160015878,37.7195125768476,-122.474776541892
160003033,37.7802607511192,-122.418600974625
151123739,37.7236571994208,-122.458189870681
150215981,37.754404748573,-122.405248327082
170521821,37.7713387826578,-122.511054248258
170503211,37.775420706711,-122.403404791479
170492567,37.755343095442,-122.406681057265
170492250,37.7970642284992,-122.405517223277
170485299,37.724950248764,-122.461208520613
170476925,37.7483157742862,-122.410549321721
170472923,37.7830733544214,-122.481793370838
170472155,37.7843096998676,-122.395163154488
170457549,37.7733973258174,-122.465882650289
170455214,37.7722400207549,-122.44489764963
170452000,37.7844743351606,-122.472052928195
170425972,37.775420706711,-122.403404791479
170423750,37.7839916768161,-122.408068345148
170413068,37.7725016986753,-122.48688034822
170410296,37.7768682383667,-122.472041312512
170400918,37.7650501214668,-122.419671780296
170395206,37.7741822530143,-122.429178876168
170382952,37.7762310404758,-122.414714295579
170378490,37.7208278326222,-122.435585299571
170358862,37.7144894576542,-122.459110001394
170357858,37.7286770057825,-122.425289624747
170355636,37.7701099298175,-122.420010175609
170355567,37.7618358012376,-122.419360352761
170354406,37.7966652983014,-122.395329662983
170352541,37.775420706711,-122.403404791479
170347069,37.7783268978785,-122.396533248456
170346914,37.775420706711,-122.403404791479
170345643,37.7668053842905,-122.417647884705
170345637,37.732438864982,-122.405610268222
170345405,37.7169710305814,-122.443431336456
170344087,37.7748078532865,-122.400983769855
170342962,37.7873381901532,-122.423404604063
170342122,37.7329487043192,-122.404658361435
170332781,37.760327629048,-122.508067688112
170322607,37.7730368445535,-122.421944172802
170322130,37.8027872160659,-122.409588744733
170319187,37.7291432281367,-122.445446458969
170316008,37.7697977168831,-122.448578484966
170315696,37.8024897590924,-122.423090882965
170314698,37.7843190300426,-122.439687134173
170312266,37.7877570602411,-122.420120319204
170309768,37.8061420853862,-122.417081753218
170301639,37.732438864982,-122.405610268222
170300120,37.775420706711,-122.403404791479
170291723,37.762993984021,-122.489984193818
170291676,37.7610072306466,-122.446434498518
170290026,37.7256933575703,-122.452289660492
170286194,37.7631671994684,-122.423962124277
170273931,37.7632996945938,-122.421733767763
170258319,37.7869408998805,-122.411518820359
170246427,37.773099482048,-122.415564465695
170237636,37.77090487409,-122.420165459336
170236804,37.7844361394126,-122.446249046947
170227847,37.7294150332369,-122.387977804168
170210789,37.7257598547537,-122.463278950857
170207792,37.7823710354886,-122.448043124454
170202980,37.7869501282366,-122.441087799449
170201885,37.7721420902937,-122.413771938125
170201835,37.7721420902937,-122.413771938125
170182166,37.7606618802723,-122.40706775926
170182069,37.7830359536166,-122.462278686054
170181356,37.7440627102667,-122.473548582675
170165156,37.7993831220076,-122.402423032514
170159284,37.7569318582039,-122.40598450618
170122510,37.7809039696758,-122.411979487494
170121368,37.7552939346637,-122.420966200659
150124871,37.7870474882864,-122.448470391223
141066309,37.7823710354886,-122.448043124454
150136553,37.7864017954155,-122.423217673913
140014301,37.7811175256377,-122.427206305932
140024811,37.7657375793742,-122.470728488949
140053490,37.7523735149599,-122.416268632715
140098167,37.7854818747419,-122.423031175088
140118301,37.7271120186557,-122.420867224578
140166071,37.762900100331,-122.492126984656
140220809,37.7409621320066,-122.401556880465
140222855,37.7792122590085,-122.410939205552
140223950,37.7269797737306,-122.393573303211
140274890,37.7841399509594,-122.410955248906
140270581,37.7500208205248,-122.392382346886
140149419,37.7329487043192,-122.404658361435
140411149,37.8061420853862,-122.417081753218
140447398,37.7801399018132,-122.483663577628
140360922,37.7849531241612,-122.427991151911
140433870,37.787359494956,-122.408231026261
140486142,37.7743581710701,-122.420254960348
140495187,37.7790324136251,-122.401846367522
140534729,37.7410287442117,-122.422842376051
140643245,37.7858926099715,-122.419739837805
140395509,37.7755131129937,-122.406300138733
140695484,37.7370655906783,-122.505360235348
140712721,37.7256901689017,-122.474961434176
140676490,37.7912889898479,-122.422516966616
140712884,37.7826777179027,-122.444441286363
140767447,37.7389339290251,-122.415185289736
140770252,37.7972979491885,-122.433850462737
140866550,37.7860677021529,-122.392940948663
140958737,37.7740841093313,-122.422407312809
140963918,37.7584647037552,-122.507934292563
140909649,37.7565339497722,-122.466861872366
140983370,37.7582261992584,-122.425768246873
140977505,37.716040223178,-122.398602528003
140806170,37.7807906550067,-122.399617558782
140968043,37.7830037964534,-122.412414263581
140968112,37.7830037964534,-122.412414263581
141041674,37.7704071637725,-122.417612835958
141017697,37.7617925511677,-122.474855539157
141056946,37.7820729312029,-122.412224164736
141079471,37.7515433614493,-122.495095293867
141044167,37.7485024705607,-122.479293683101
140073103,37.7442774766877,-122.439065944959
140094466,37.775420706711,-122.403404791479
140226170,37.775420706711,-122.403404791479
140082251,37.7658510977435,-122.41967661615
140326601,37.7749563681874,-122.493041235607
140302811,37.7859103612545,-122.396140740869
140577177,37.775420706711,-122.403404791479
140436943,37.7437268170337,-122.48118317163
140626990,37.7256933575703,-122.452289660492
140637931,37.7800874706475,-122.482061159572
140658846,37.736131510906,-122.388885683545
140653056,37.790393971625,-122.390462451214
140745051,37.7806150882873,-122.456216350632
140764261,37.7793622489494,-122.459310721104
140604281,37.775420706711,-122.403404791479
140793389,37.7826911213472,-122.409536662692
140809679,37.775420706711,-122.403404791479
140893042,37.7340561320083,-122.412398375843
140901322,37.7517012269065,-122.405718046488
140967205,37.716879069607,-122.426833588598
140931200,37.7658427213372,-122.419814593811
140976999,37.7536925213353,-122.405322481365
141023989,37.7725405391593,-122.466204667893
140920021,37.7476836813331,-122.428184221102
141070504,37.7815668300024,-122.40805253847
150289867,37.7981347191511,-122.400890701156
150304396,37.7564864109309,-122.406539115148
150310365,37.722036232083,-122.393174162423
150327025,37.7585000733611,-122.421273998758
150198666,37.7748078532865,-122.400983769855
150210367,37.7416339426828,-122.45633214122
140985536,37.7933332750609,-122.402795576963
140912880,37.7437268170337,-122.48118317163
150240154,37.7797824261683,-122.430234565273
150416509,37.7504525015629,-122.39627030124
150421003,37.7426722655889,-122.484261488293
150429740,37.7657827544276,-122.407538332319
150436751,37.7315593184044,-122.395289197153
150492888,37.7993401835421,-122.409835057079
150493513,37.7507165154882,-122.492280854604
150499107,37.7592169819523,-122.490792997264
150523273,37.7724682400061,-122.389517648036
150540835,37.7815338127818,-122.423918786916
150574561,37.78764305018,-122.403434086745
150574969,37.7932574953959,-122.421231781955
150592836,37.7672442209616,-122.510225749052
150597717,37.7465091842228,-122.502873913699
150615767,37.7426567788508,-122.485885789075
150624815,37.7434419876507,-122.430007513832
150641201,37.772811562575,-122.412826648024
150646762,37.7431744969963,-122.474102710416
150660342,37.7643228810013,-122.388854011336
150687255,37.7653536571595,-122.403652947901
150688833,37.7710128170171,-122.43108737301
150694573,37.759736903877,-122.479004807013
150707728,37.7880825340178,-122.410059855891
150709116,37.7861779818819,-122.440064505046
150728906,37.739964501588,-122.464050361806
150730616,37.7555043420028,-122.417660640341
150750761,37.7654480180266,-122.413107622693
150772696,37.7256933575703,-122.452289660492
150780473,37.788178697075,-122.4168291485
150792810,37.7407725915928,-122.46542994935
150795319,37.7643228810013,-122.388854011336
150806621,37.7430505534925,-122.475644251197
141067175,37.7902540013683,-122.415560469006
150820966,37.7809706722053,-122.408710606663
150332137,37.7631879400187,-122.407305615124
150373636,37.7644880931999,-122.407422042194
150388629,37.7868091891723,-122.489945049498
100470163,37.7855307336245,-122.468975014442
120477826,37.7800332991006,-122.464279879446
110911630,37.7817569847968,-122.414263390372
60559774,37.7194433534269,-122.407934351403
120755092,37.7905770710537,-122.420691680792
50972170,37.7233296064439,-122.440458340998
81095125,37.7202267519308,-122.480308682068
120457696,37.7659245297691,-122.466442684206
71031640,37.7285992928306,-122.429994074329
90546917,37.7529905294566,-122.406813640773
60704816,37.7592952658019,-122.421737619685
91012448,37.7777002216831,-122.431578618623
40330271,37.7841727004123,-122.478579568343
30185161,37.7791795085094,-122.436863236818
120671818,37.7650118090951,-122.465240414978
40762232,37.7832878735491,-122.408953598286
110899343,37.7876472426953,-122.443754546256
60904975,37.7435681500455,-122.38936916528
80262866,37.777493677735,-122.416293820935
70638788,37.7541385212721,-122.444670064346
70985062,37.7810275834115,-122.466976397012
90354873,37.7865686524807,-122.452608514061
120266403,37.7178681219403,-122.472711742243
30636998,37.7505108267512,-122.476164369636
70388682,37.765110583712,-122.430883448045
60486876,37.7285280627465,-122.475647460786
80110679,37.7836719564372,-122.415088721046
60261678,37.7747770502496,-122.439469084482
60431097,37.7192098529783,-122.446720669854
120553993,37.7935175616304,-122.426337367002
51074143,37.7895336904065,-122.42890965395
90964795,37.7814987213218,-122.404934413339
120318747,37.7829514828801,-122.413259498719
70750940,37.7123662192993,-122.449083637237
130866952,37.744773684881,-122.479035226306
90457201,37.7430505534925,-122.475644251197
50069620,37.7161912704514,-122.434731478788
90833140,37.7811098899332,-122.462141270182
50848800,37.7986967888329,-122.419936300151
60169624,37.7652491154383,-122.416389710283
50057885,37.7265521172631,-122.46065227199
70726606,37.7817511307229,-122.411071423064
81330755,37.7447510901057,-122.436796627403
130782392,37.7171734075622,-122.472570418291
120434973,37.7818621883021,-122.413869632554
70217445,37.778049916106,-122.451542905384
130732228,37.7593564327499,-122.433745069841
60189854,37.775420706711,-122.403404791479
100169190,37.785743398885,-122.48514929277
61081718,37.729022854072,-122.447728292145
120622184,37.7318594482631,-122.38716770759
60103177,37.7691767476277,-122.433575097282
41444512,37.7864856977657,-122.411354159199
41006190,37.7396105936758,-122.385835676542
100413044,37.7289189892423,-122.416175737854
100319618,37.7744879867235,-122.452974548082
80449434,37.7680054163824,-122.424412715064
51073189,37.7996328370724,-122.437698529469
90636295,37.7355926105862,-122.390416955474
31357232,37.7870372043456,-122.418274171667
91017523,37.7329487043192,-122.404658361435
71133854,37.7630312947078,-122.426228446916
30418326,37.7285280627465,-122.475647460786
60295752,37.8096707013239,-122.365565425353
81309841,37.727426135786,-122.382690587869
81175363,37.7719723687579,-122.414258651144
40175782,37.7620990020727,-122.415000536794
130474771,37.7171734075622,-122.472570418291
130976040,37.7455956089322,-122.419888691537
40748969,37.7622481371408,-122.413443036787
100937890,37.7718841032344,-122.499181851123
120967344,37.770049109612,-122.407004255241
60243676,37.789224205873,-122.408597386677
31435894,37.7919493361815,-122.41693893613
60942680,37.7740207326063,-122.430006398939
91170115,37.7588311214687,-122.477939732577
70664329,37.7718636177154,-122.41402726269
51042645,37.7639837100324,-122.393446448966
90953516,37.7948173520031,-122.423227151585
30177851,37.7207231269114,-122.446607214924
30201165,37.7467657463679,-122.42248018581
90564022,37.7150528975168,-122.433330060334
51265251,37.7276689924223,-122.388112672367
70238178,37.7892067223867,-122.438963311203
130061497,37.7399316960308,-122.428285104331
130888138,37.7684043083075,-122.417803355796
80894522,37.7824756422772,-122.424109315499
50831805,37.7666893226088,-122.437532112635
70719899,37.7633237012278,-122.482480961268
50982862,37.7393241543821,-122.475406814411
50369743,37.7862095570131,-122.398980868877
90788733,37.7957863362398,-122.40498359935
50963555,37.7797824261454,-122.43023456528
50478526,37.775420706711,-122.403404791479
110236212,37.7757757174114,-122.405866839069
100771795,37.7129669171438,-122.485186968095
60171942,37.7474453071495,-122.418609719102
80814558,37.7690578711759,-122.435797048864
100659135,37.7916291489736,-122.441155369375
60167844,37.775420706711,-122.403404791479
30089137,37.761339931633,-122.505923256341
40904105,37.789920002385,-122.422062730287
60304444,37.718954166945,-122.50022040363
110303639,37.7347331717697,-122.410829623756
60534641,37.7843096998676,-122.395163154488
60372156,37.7522391652625,-122.418448186101
91093222,37.7481554692332,-122.458680189782
91310866,37.780091707804,-122.484731728932
61064946,37.7757866700925,-122.42782241825
120177270,37.7862483456629,-122.402027706948
90158766,37.7899968072158,-122.42906892306
30105664,37.7526399796005,-122.401484172896
80990772,37.7474453071495,-122.418609719102
71196250,37.7358858148594,-122.382705072801
110677092,37.7297381449981,-122.383433948755
80736190,37.764357751686,-122.41747701285
60383943,37.7538236167793,-122.450395204737
120196521,37.780495583709,-122.432142776025
31503576,37.7848656939297,-122.412784096509
80503808,37.7950646848536,-122.435941970639
90983024,37.7256933575703,-122.452289660492
100180328,37.724950248764,-122.461208520613
130360841,37.7585641691709,-122.406725329529
70711754,37.7218958376193,-122.402390932043
90843161,37.7256933575703,-122.452289660492
30781399,37.7554321226188,-122.438863733324
60152710,37.7980180687744,-122.405475929231
60746062,37.7118274140818,-122.405202907793
90181400,37.779672005548,-122.423545232042
60790188,37.7521716091721,-122.419560437883
70534879,37.765377517215,-122.386775025935
81034117,37.7559654084124,-122.479817737644
110470993,37.76701047078,-122.422020137013
120615797,37.780091707804,-122.484731728932
111012605,37.781526271747,-122.40950430935
81333884,37.7583035716828,-122.469130005097
100283104,37.7884982866148,-122.406775392392
110677901,37.7527692279339,-122.408654193478
51192676,37.7146945275264,-122.485226315335
70536671,37.7621077921116,-122.393480290828
60845034,37.7287295296745,-122.389982996986
60685426,37.7286119710993,-122.378920771859
80446082,37.7892067223867,-122.438963311203
100999367,37.7837840922388,-122.487149373879
100742423,37.7412982182604,-122.387144531601
120453826,37.7967282614906,-122.410053491602
70416835,37.7521716091721,-122.419560437883
81105122,37.7210571460375,-122.475222189932
80849458,37.7401935684325,-122.376850076345
81351892,37.7491100050973,-122.405096871916
131064573,37.7279423069627,-122.387779251837
100619991,37.7813938356093,-122.418003946248
70939809,37.7523063170181,-122.417360139477
91033961,37.7729953727174,-122.445904271169
80130649,37.7270392302138,-122.403277115529
90932247,37.7229598160913,-122.449556915345
30014463,37.7878080003666,-122.404271795034
130190886,37.7799399733199,-122.455842599569
30945987,37.749478392917,-122.402868034989
70765864,37.7233482798003,-122.390613882288
40107569,37.7844461444265,-122.4725886593
110191393,37.7520762174726,-122.484393613669
130304877,37.8084350175869,-122.410774214375
51337941,37.7593672733914,-122.406948026853
40982311,37.7141893572398,-122.462527182353
81313660,37.7256933575703,-122.452289660492
130023431,37.7813987340892,-122.409247675547
81020401,37.724912078558,-122.475003009213
30611605,37.762925314,-122.390700766707
90451087,37.7528128358477,-122.392595731886
90413918,37.7627436601147,-122.421747650463
100836587,37.7257172546557,-122.452428220398
60473027,37.775420706711,-122.403404791479
120000201,37.7978382116474,-122.406438680555
110251674,37.7545698243645,-122.401590336879
50292138,37.7484240251983,-122.407767261253
60567664,37.7991423265238,-122.408407397189
90913532,37.7757876218293,-122.393357241451
91202592,37.8076403511907,-122.419919493342
90842038,37.7793315985732,-122.458733742325
31115654,37.7972979491662,-122.433850462709
120033688,37.7371112764221,-122.406927079427
80009555,37.7564864109309,-122.406539115148
110169118,37.7289204123466,-122.386985864218
70912996,37.775420706711,-122.403404791479
91284857,37.759221191963,-122.435959381188
90515053,37.7856407526644,-122.417999278691
71094400,37.7631689864934,-122.408805452633
121023006,37.770896885856,-122.420303482492
30239401,37.7608183312525,-122.423017163583
130397678,37.795737109246,-122.423413057205
30920622,37.7935175616075,-122.426337367009
81297644,37.778124778322,-122.391845617192
61218717,37.7751741554658,-122.451360061171
120833507,37.7875490095115,-122.421762501792
30094409,37.7771781355997,-122.407294586743
41439488,37.7142089385587,-122.436177137657
70737459,37.7333815339796,-122.379932683403
31087558,37.7564864109309,-122.406539115148
70047327,37.7692444493655,-122.408011336061
30719641,37.7463358668741,-122.402701071841
110808902,37.7912067696835,-122.415754657295
31422108,37.762851481453,-122.39172714593
110737997,37.7398933063785,-122.418123595113
80328979,37.7569011511725,-122.421118473704
100326710,37.7293538492444,-122.389421299039
60612714,37.775420706711,-122.403404791479
31087144,37.7642194454928,-122.442259650589
91044485,37.7481554692332,-122.458680189782
91190373,37.8001881690514,-122.441178352537
90865836,37.7481188207029,-122.403538936234
60054962,37.7975014780581,-122.431809947334
90021549,37.739286719667,-122.40262427436
71196404,37.8031507524822,-122.410893406016
31173975,37.7347969947664,-122.390697630726
71255828,37.752684919614,-122.410962664755
31446744,37.711208427132,-122.393319107405
100676101,37.7279208527818,-122.383679778616
80475570,37.7298605291009,-122.430183053756
60371039,37.7388517685098,-122.414235499783
90114934,37.7982226437427,-122.403864541976
50603325,37.7385038959713,-122.495268908047
110736080,37.7722041939719,-122.437235589841
130573759,37.7627436601147,-122.421747650463
80375431,37.7285338395148,-122.428668349862
50915976,37.7964914531604,-122.409652663162
41386544,37.775420706711,-122.403404791479
100229885,37.7268239063089,-122.472055313907
40009915,37.7641301468423,-122.464173729417
130862916,37.7141809476816,-122.399766787626
130071048,37.7747291221187,-122.477898867786
91070690,37.7887198688133,-122.402070243227
100249162,37.7336749150104,-122.426391018521
70877500,37.7199820184131,-122.454616903212
70416976,37.7340152180723,-122.390971734551
80783129,37.778124778322,-122.391845617192
91080166,37.7511775163917,-122.442743978654
80966654,37.7202363012033,-122.393411735551
80097732,37.7562822236574,-122.417802962628
50604248,37.7131719024717,-122.459023622401
51315856,37.7979555343556,-122.413747886305
70171299,37.7431227275926,-122.387847258221
30022905,37.7303429363951,-122.382888987127
80385634,37.7633237012278,-122.482480961268
70786133,37.7684043083075,-122.417803355796
70656473,37.7956417032576,-122.431830723792
30854322,37.7336342023099,-122.391243431227
51114608,37.7784353333225,-122.419085788323
80769624,37.723616775737,-122.400784574257
130627378,37.7083109744591,-122.420084075242
40203258,37.7625486367596,-122.434063454657
91328546,37.7901578215257,-122.408787528948
31344499,37.7225737782029,-122.402604593195
80184351,37.7530101139167,-122.504330609817
81300689,37.7284655860704,-122.485021981047
100099519,37.7726007924601,-122.503608414707
120981639,37.7746516427371,-122.396356347158
130493373,37.7397324014632,-122.416394633801
120721479,37.7182308398461,-122.461228337084
40054324,37.7389321879707,-122.413940006365
71249069,37.789918101686,-122.406977563692
110362726,37.7668305229582,-122.430018655242
91247203,37.7849356789103,-122.462964132903
110601342,37.7608815949553,-122.421569323299
31446556,37.7205104070807,-122.405010507137
61061657,37.7998528145322,-122.436910088417
90405482,37.7645116894216,-122.40793674598
30959176,37.7519701925782,-122.435285893629
90840571,37.7830037964534,-122.412414263581
70562046,37.7542423608244,-122.476422775529
90902187,37.7127482228,-122.471246211159
100337115,37.7300929431861,-122.471882662208
81180306,37.775420706711,-122.403404791479
40087212,37.8050816627849,-122.409820680645
90721824,37.7501495078008,-122.41283040295
130967992,37.723616775737,-122.400784574257
120099339,37.7747600205915,-122.454636839495
110851600,37.7472622922066,-122.396010154384
100480162,37.7941447423704,-122.396421943768
31440263,37.772204193977,-122.437235589814
110311717,37.7387418394248,-122.389310644847
120199359,37.7112226803573,-122.455815337879
90255306,37.7773548145232,-122.501202614075
51030888,37.7321638759455,-122.421305348396
70689781,37.7371699446203,-122.389865610332
51055165,37.7113731748767,-122.407455872707
90733528,37.789434763004,-122.406958660602
31489205,37.7231288307053,-122.435977217004
130990874,37.7780533541929,-122.435879473355
60784006,37.7536737023903,-122.489322837068
21486421,37.775420706711,-122.403404791479
70287686,37.7649178909424,-122.421886357981
40265173,37.7122561827524,-122.417107986993
40888054,37.769591454386,-122.415577809815
110057319,37.7820729312029,-122.412224164736
90005101,37.7171734075622,-122.472570418291
40954514,37.7765642838427,-122.477505344747
80664165,37.722000312499,-122.433606605289
40185907,37.7277351549651,-122.393232869349
60858429,37.7943964025931,-122.426515938127
31492797,37.7163100911018,-122.442512045248
101163428,37.7582112427245,-122.426935654616
80945915,37.7602042590968,-122.393368348954
131021749,37.7901578215257,-122.408787528948
90166424,37.7859407304209,-122.418918390218
30970746,37.8056188797128,-122.413609602055
31448295,37.7634292328542,-122.419515708414
51150113,37.7853339640077,-122.424688703598
80745743,37.7621738188702,-122.466180771685
50167490,37.7826837258567,-122.42246725166
100895301,37.798999247001,-122.442649696374
90562822,37.7845681170336,-122.431206932079
40968935,37.7654460715882,-122.477309120541
80870055,37.7712286761869,-122.45224265737
80559710,37.7481188207029,-122.403538936234
90871899,37.7110023300609,-122.420529801066
90438615,37.745101531365,-122.392184416166
100257018,37.7593246859674,-122.509197574765
60087690,37.7352842415297,-122.391431786513
91093313,37.7481554692332,-122.458680189782
40724408,37.8031540280043,-122.425768655079
90162529,37.7888345695702,-122.426246092712
130262833,37.790761361966,-122.396211154038
40808610,37.7533607535245,-122.426479372762
80254227,37.775420706711,-122.403404791479
90962686,37.8064023494154,-122.43746321834
90824804,37.7636581557579,-122.416784837447
110880574,37.7627436601147,-122.421747650463
70675241,37.7875158741623,-122.407434989523
80285040,37.7321430775103,-122.406574570932
120338096,37.7661321731435,-122.401723696512
120448435,37.7296622595026,-122.374930939321
90133752,37.7280996602876,-122.390548002865
40700317,37.7243164693999,-122.458189948759
31429659,37.7140228183784,-122.471720962057
80207969,37.7256933575703,-122.452289660492
60876211,37.7842973843312,-122.410157073911
51012450,37.775420706711,-122.403404791479
90388866,37.7195719219714,-122.479750928414
50330932,37.7373529004232,-122.39352632602
100016660,37.7558320631383,-122.412199182895
100909388,37.7486923627437,-122.475015882985
80057833,37.7461648023142,-122.394051849811
110656789,37.7218388160354,-122.458183462747
81001774,37.7535286261938,-122.410072713581
50134530,37.7803810169384,-122.478305503225
80701632,37.7848656939526,-122.412784096502
50780321,37.7602340753651,-122.419208249515
80782717,37.7851670875517,-122.417903977564
70024579,37.769523314641,-122.446905860023
70853334,37.7315417593945,-122.448865497054
90396289,37.7390560775868,-122.416457891837
110292684,37.775420706711,-122.403404791479
100609481,37.775420706711,-122.403404791479
51191656,37.7252355695389,-122.402603565427
70017289,37.7744314187603,-122.404460192279
100631246,37.7912458280451,-122.447656988785
130020352,37.7798294192767,-122.402842748428
60825622,37.775420706711,-122.403404791479
60888937,37.7420041169835,-122.422286651689
50172966,37.7483769641531,-122.412601127917
91190618,37.7808779197338,-122.467489289466
120240087,37.7859963050476,-122.411328369311
80383393,37.7374570862058,-122.421089139711
130193307,37.7809706722053,-122.408710606663
130558795,37.775420706711,-122.403404791479
120163928,37.7481554692332,-122.458680189782
100249059,37.7767140704337,-122.403375484722
30174512,37.7323428387283,-122.422747461693
120839408,37.7461841911818,-122.419506076125
90964494,37.7975553049591,-122.435654173631
91005039,37.7256933575703,-122.452289660492
80402294,37.8024897590924,-122.423090882965
70536461,37.7369083672204,-122.426175414516
60402656,37.77294518675,-122.446726162102
110305221,37.7608878061194,-122.435002864298
130353090,37.7160788219966,-122.444562966415
80980193,37.7771214885462,-122.413681109495
80832306,37.7781776788035,-122.505088747736
51455850,37.7123623937181,-122.457559461122
70763987,37.7994880717633,-122.409017007613
120962902,37.7577519790062,-122.433592590102
131096770,37.773523978923,-122.414927187814
81161425,37.7500208205248,-122.392382346886
60325876,37.7626702770872,-122.435187699349
30463014,37.747761310356,-122.403564371009
80552037,37.7310310952757,-122.471796877153
51168990,37.732438865014,-122.405610268231
71004556,37.7503199630169,-122.480497600105
40450283,37.7322083102079,-122.4189687006
51301429,37.770109929822,-122.420010175617
40468189,37.766805384295,-122.417647884713
71272208,37.7213030940671,-122.395098403651
90290493,37.7806545051192,-122.472311439611
61228136,37.7564864109309,-122.406539115148
80169074,37.7149403430202,-122.437804110663
71185510,37.7300233378439,-122.461736679015
50454059,37.7324996437285,-122.38435769838
70955996,37.7214090925114,-122.393739160349
80510461,37.7247274082537,-122.394591456373
100404441,37.8006156213687,-122.410534621364
90150847,37.7594508146982,-122.463914535976
110981310,37.7427030847405,-122.387927387609
90413247,37.8096707013239,-122.365565425353
60137182,37.7382699515932,-122.500613907924
80674697,37.741879216711,-122.500874363355
50294980,37.791296451546,-122.407342228747
90326656,37.788178697075,-122.4168291485
70666096,37.7523735149599,-122.416268632715
30913520,37.7272326718873,-122.385684144766
30409955,37.7810193159964,-122.464281231868
90993932,37.7654382790058,-122.386890310937
70513265,37.775420706711,-122.403404791479
71169304,37.7252659069258,-122.462212868171
90656817,37.7488499001814,-122.421287377812
120020077,37.7627436601147,-122.421747650463
80477372,37.7346500723901,-122.402043655949
120593234,37.7827705350074,-122.467102254248
90376485,37.7832596543979,-122.402712593282
80132156,37.7087708670012,-122.461385518983
80362018,37.7914515276536,-122.402409383784
100414456,37.7728444410496,-122.47938499932
61135882,37.7866144613366,-122.406401668335
120132309,37.7535313317912,-122.492546957066
51168865,37.7200387987887,-122.454093465372
91300964,37.7837240254478,-122.414242955907
70574176,37.775420706711,-122.403404791479
70562563,37.7622901390437,-122.401327773783
80549482,37.7409029737082,-122.393118683606
51140982,37.7944725141146,-122.433278406761
80370340,37.7210571460375,-122.475222189932
20921668,37.775420706711,-122.403404791479
40083602,37.7859665657296,-122.441727283296
90726614,37.7851670875517,-122.417903977564
81318626,37.7748707258015,-122.446285631005
110211292,37.7634850137846,-122.434229003953
61342883,37.7900801103342,-122.439138418055
70473744,37.7535645746594,-122.395635436168
50920981,37.783310753974,-122.417530696987
90430508,37.7864362468146,-122.470045583685
60167571,37.7830998244592,-122.419183096362
70064315,37.7635138827396,-122.478191939982
120030941,37.7627436601147,-122.421747650463
70554231,37.7461958418021,-122.402334809604
60254316,37.775420706711,-122.403404791479
71023697,37.7900934803531,-122.416386784625
80869183,37.7230787059359,-122.452330120871
90376849,37.7839320277273,-122.412597377187
100529390,37.7422418542525,-122.425051202722
120869110,37.7409167766613,-122.502341018952
71122283,37.7830791191471,-122.393622739343
41095488,37.7845455354987,-122.42284079466
51245952,37.7424363113895,-122.489620429384
121013427,37.7172459880077,-122.440416226696
40248812,37.7481554692332,-122.458680189782
31312775,37.7570361132314,-122.418904204524
130575921,37.7427030847405,-122.387927387609
130493141,37.793892707831,-122.416294726566
80039182,37.7672442209616,-122.510225749052
80472548,37.7340561320083,-122.412398375843
81322451,37.7525050785758,-122.414089000708
31430537,37.7511533533934,-122.436299229784
91014256,37.7127850990589,-122.444570165424
60445991,37.7800332991006,-122.464279879446
91255331,37.7827931071006,-122.414056291891
60814534,37.7143615498756,-122.49206801734
110995612,37.7541451649403,-122.478613672878
110726780,37.7579683424839,-122.476684519586
100026380,37.7658283860792,-122.468582057766
110779046,37.7460993424887,-122.426893025867
100836117,37.7879269004511,-122.403246158601
80254744,37.7865786800068,-122.493115241992
110983021,37.7493979879214,-122.402063377785
40153829,37.7785045190689,-122.405618998029
81314856,37.7572927810101,-122.395771897062
130186512,37.7703425963634,-122.436851371158
101120490,37.7750252282436,-122.471372908785
40700000,37.7852842684089,-122.409499861114
51245225,37.7657522481631,-122.41754457181
90697338,37.7140912007906,-122.439959095946
71105938,37.716878646429,-122.38750147945
81286512,37.7691767476277,-122.433575097282
51103184,37.7840541857102,-122.442195536411
81278218,37.7575402960162,-122.410527061469
90650609,37.792262677181,-122.436204681076
50426791,37.7308550434585,-122.392074167915
30605078,37.7728606760001,-122.477766056666
120016167,37.7658427213372,-122.419814593811
110702495,37.778719262789,-122.414743835382
31385233,37.7429970144076,-122.421644478447
60310231,37.7424861950899,-122.405667305759
31398195,37.7346237083901,-122.475102006238
80229985,37.7844458856887,-122.459020034103
71202471,37.7985811020841,-122.401055856585
91257967,37.7256933575703,-122.452289660492
90942230,37.8007809996037,-122.398861971113
51331266,37.8083698161391,-122.415010032996
70534283,37.7985083480435,-122.409791662293
130782621,37.7827419623926,-122.414900544562
90416241,37.749011420716,-122.397037166347
40673231,37.7845681170112,-122.431206932052
70134009,37.7863134096902,-122.472627875797
60923555,37.7989675414767,-122.411836276932
80391261,37.7532172678798,-122.41531378821
120356662,37.7494643478883,-122.403227460926
60590869,37.7892746075044,-122.448990324853
71157741,37.7882933915158,-122.408403859899
40125442,37.765605863875,-122.410488829316
130179818,37.7341094043804,-122.48615025609
61271191,37.775420706711,-122.403404791479
60641860,37.7774566611807,-122.41316085097
100661691,37.7481554692332,-122.458680189782
100219591,37.775420706711,-122.403404791479
81000920,37.7859963050476,-122.411328369311
90895720,37.75248687189,-122.393621427055
70942636,37.7406453825271,-122.423946280365
60035473,37.7632996945938,-122.421733767763
71030482,37.7968499929458,-122.43368578884
90868410,37.7786591541508,-122.416583456133
50250807,37.7949725872821,-122.433305174108
90056552,37.7843478513151,-122.409313111431
110395012,37.739566960911,-122.406979507963
71196620,37.7467755179049,-122.419123525573
91168518,37.7523804321142,-122.442523967135
90694209,37.7941447423704,-122.396421943768
90055554,37.7223968846446,-122.430027269565
100625186,37.7621307247611,-122.421550176461
120844758,37.7866144613366,-122.406401668335
40090522,37.7142802754298,-122.466196824714
41029669,37.7963478739213,-122.396962385554
120064100,37.7610901240738,-122.418124262331
80490073,37.7755869804931,-122.498926471415
30091972,37.7412994875354,-122.493770937819
130680586,37.7788348205682,-122.395985970867
70386686,37.773037747039,-122.430630284155
90948404,37.7602626969135,-122.467123217732
80308670,37.7737213634177,-122.424829503585
61373468,37.7337895392008,-122.393905920992
90359920,37.7845943285477,-122.42201624387
61278987,37.7790847945008,-122.442881214986
90930768,37.7708917848848,-122.489804747862
80519366,37.7558914956318,-122.441189937329
30548268,37.7800745746105,-122.42025048261
120623734,37.7579683424839,-122.476684519586
130467061,37.7474613296187,-122.502869788183
130863550,37.7800478529923,-122.431979576386
100590454,37.7614251137761,-122.439414596639
111017423,37.7329162539537,-122.416446124049
81070020,37.7644036412279,-122.500828300284
90163652,37.7626474750901,-122.499105504086
30998839,37.7175010456614,-122.472389041033
71306120,37.7371315116314,-122.406674805127
101053261,37.7430505534925,-122.475644251197
71102194,37.755409619855,-122.469447555592
80023395,37.7640368477306,-122.466309668238
40788272,37.7761593097439,-122.421149407721
120104530,37.7808272386294,-122.47126720363
100042308,37.7419262861403,-122.403259230009
31399068,37.7525050785803,-122.414089000716
50840260,37.7822500873167,-122.411268613368
130559351,37.775420706711,-122.403404791479
60027088,37.7714049987194,-122.414527599691
60822634,37.751987040935,-122.408983439759
40154786,37.7483538788784,-122.408706424996
81282645,37.7832909416362,-122.432706975892
90870073,37.7697977168831,-122.448578484966
71047380,37.7914943051906,-122.420874632415
71178684,37.7815668300024,-122.40805253847
70752902,37.7648319521443,-122.422388599852
31263861,37.7239983809291,-122.485073656914
81056058,37.8035160637942,-122.430048417662
130182899,37.7882933915158,-122.408403859899
91089196,37.7720182186828,-122.420755115779
50280688,37.7941418919879,-122.421406974029
70993758,37.7256933575703,-122.452289660492
80155073,37.7256933575703,-122.452289660492
80718217,37.7860677021529,-122.392940948663
100304948,37.752356841294,-122.406207709177
71207948,37.8066567824467,-122.420564122317
60906335,37.7600697106567,-122.434994783089
70613611,37.7375861125753,-122.389863706193
60533364,37.798999247001,-122.442649696374
30793059,37.775420706711,-122.403404791479
51076826,37.755899806479,-122.473442619825
90956253,37.7718760580638,-122.447314537469
80525266,37.7224336236684,-122.395622324587
120332656,37.7481664083985,-122.418221946229
71019765,37.7793537315707,-122.433597792607
41326750,37.7126229340378,-122.444742271009
40605745,37.7758015943688,-122.446472678978
130301522,37.736338694167,-122.499410790491
110795111,37.7764872665748,-122.407614885996
100357602,37.7901369332574,-122.453327306696
50493803,37.7844788538516,-122.404270179493
61295577,37.739566960911,-122.406979507963
51016264,37.8016356542782,-122.411180707476
120176783,37.7486451165898,-122.476031718561
31031903,37.7733492928068,-122.466950716131
70718471,37.774307949423,-122.458372853609
30366399,37.775420706711,-122.403404791479
71147708,37.789618819255,-122.42049728879
100053888,37.7800332991006,-122.464279879446
90761739,37.7469781026521,-122.399174828644
60533756,37.7310310952757,-122.471796877153
80998613,37.775420706711,-122.403404791479
130915656,37.7695914543814,-122.415577809808
80735863,37.7660754132449,-122.402687653213
50839445,37.7702586207477,-122.452917923695
110870791,37.7657184395282,-122.409529913278
30126660,37.7845705992971,-122.469909562394
40877530,37.7657184395282,-122.409529913278
70105094,37.7236722032412,-122.455136571438
51337236,37.7626702770923,-122.435187699322
110769702,37.7281042223657,-122.402210107735
120355686,37.7491100050973,-122.405096871916
80400771,37.7134199228682,-122.469387887472
91095187,37.7856843389472,-122.421395819115
31425146,37.7262358305047,-122.43362342172
110788241,37.778719262789,-122.414743835382
100301198,37.724532960995,-122.459212410375
120792458,37.7666737551835,-122.419827929961
50158596,37.7654480180311,-122.413107622701
50284953,37.7285441115548,-122.428208632885
41343334,37.7365348088988,-122.397081951779
80650700,37.7809039696758,-122.411979487494
90011772,37.7240376461441,-122.402109488937
60779320,37.7650501214668,-122.419671780296
100901453,37.7931773025837,-122.407729769991
80983692,37.7803326972451,-122.47938403981
31179268,37.7794031266946,-122.432778669156
50750158,37.7339497680852,-122.489713969124
40830378,37.7811196378597,-122.464840134534
70987494,37.7106377857099,-122.415461474153
100783950,37.7848922999476,-122.482867010042
110678266,37.7774892652621,-122.433220475299
30805159,37.8062407565503,-122.418784208916
91056866,37.7777992290419,-122.400302421513
80817245,37.7142832798437,-122.443056240053
90739065,37.7922359683878,-122.400370448451
60563258,37.7852153590471,-122.417085357424
130992927,37.7413311950559,-122.472350392335
41244033,37.7670705967209,-122.387174396438
80716302,37.7743371994009,-122.428388956563
31419707,37.7593253079339,-122.38639760713
90659833,37.7209451616295,-122.478278206332
31421871,37.7557647906388,-122.413297660816
80220319,37.7447254713657,-122.420526309078
60123335,37.7295950708457,-122.493468495006
130335327,37.7863587808386,-122.415632654294
110044770,37.7224336236684,-122.395622324587
60579415,37.7798392009729,-122.490096386112
30435596,37.7355926106176,-122.390416955517
70962399,37.7642601247443,-122.38985586088
91179026,37.7641937790242,-122.433075152403
70675815,37.775420706711,-122.403404791479
70951659,37.7918399128217,-122.436048298861
81287576,37.7256933575703,-122.452289660492
60961301,37.7612577113414,-122.428355366652
71034741,37.8020497994823,-122.441559373659
60879390,37.7564864109309,-122.406539115148
61296183,37.7641937790242,-122.433075152403
110038115,37.7827317884887,-122.406481972743
130814133,37.7889945828958,-122.42542392928
90644298,37.7256933575703,-122.452289660492
60347808,37.7641020287178,-122.435318423327
90719722,37.7367126281115,-122.377405509273
80595338,37.752827655129,-122.508432367694
110490167,37.72475609595,-122.394722845179
120888295,37.7651107322703,-122.432198022433
120310674,37.7604929243617,-122.388559411328
31469843,37.7226161363136,-122.434764286692
60287408,37.7658000842584,-122.449958075249
100672080,37.7652491154383,-122.416389710283
130234741,37.7406739267245,-122.465490774809
91217814,37.7387316092523,-122.446180926583
90192065,37.7774796643407,-122.458598380261
30371821,37.7768820934789,-122.422981546632
71309403,37.775420706711,-122.403404791479
110468443,37.7657827544276,-122.407538332319
81175937,37.7814832523537,-122.420691386664
110676652,37.7371077136972,-122.388093075134
91293472,37.7481554692332,-122.458680189782
100115325,37.775420706711,-122.403404791479
40558122,37.7287297938629,-122.431295002937
70395966,37.7336342023099,-122.391243431227
70742884,37.7725405391593,-122.466204667893
110760744,37.714242338502,-122.463958201329
60150407,37.779891233614,-122.421893134467
100742611,37.8025735991651,-122.40038746482
30650277,37.7802790505429,-122.480452050161
40034263,37.775420706711,-122.403404791479
61201455,37.7946478828923,-122.404904447841
130654547,37.7978641744394,-122.406669739951
70157813,37.769411384942,-122.410932750782
30190518,37.7744343433809,-122.484324459403
61294290,37.775420706711,-122.403404791479
71198002,37.7140782114827,-122.456059905884
80324206,37.7768524456318,-122.453189923892
100171725,37.7864856977657,-122.411354159199
70497409,37.7129741888238,-122.432915388475
120642057,37.751707039916,-122.439638035237
120701744,37.7445902964189,-122.39950033566
80120640,37.7256933575703,-122.452289660492
130459422,37.7327468916111,-122.386281350159
60699916,37.775420706711,-122.403404791479
120673983,37.7154728757373,-122.441686062166
30370607,37.7303819548591,-122.429801668764
91043625,37.7481554692332,-122.458680189782
100086798,37.7725405391593,-122.466204667893
130887049,37.7848053746211,-122.413631253258
70931203,37.7853100311337,-122.426382820826
40671019,37.7859963050247,-122.411328369318
71282912,37.7425470922372,-122.485878137473
130801958,37.8080122538321,-122.417448570419
30043638,37.7641020287229,-122.435318423301
71161093,37.775420706711,-122.403404791479
90514221,37.7731370564457,-122.471762293486
70873069,37.7777002216831,-122.431578618623
91140419,37.7649178909424,-122.421886357981
100147685,37.7337690629635,-122.49663459856
60535592,37.7551051184234,-122.424289602669
60850685,37.7307881195475,-122.428391365512
70574853,37.7416713934066,-122.506864755163
90458340,37.7759612670837,-122.445652525154
31317349,37.7669037251961,-122.389103032855
100609754,37.7511499366851,-122.422918805814
40533497,37.7803821307757,-122.481003317121
120683744,37.8066171530971,-122.40556507281
70969975,37.7875158741623,-122.407434989523
130294002,37.775420706711,-122.403404791479
91175529,37.7485889485524,-122.418163204335
110178090,37.713430704116,-122.403252361212
50987282,37.7481554692332,-122.458680189782
41422035,37.7708946575816,-122.414998913188
40185402,37.7227847395582,-122.430832740053
40482474,37.7843533426344,-122.432914603466
80578005,37.7118176990294,-122.466205823663
70233297,37.7186724826951,-122.448303520335
90234322,37.7866578655141,-122.485283492798
61100073,37.7178706222508,-122.438385717877
130445330,37.7413830063245,-122.471224083435
71077945,37.7393393496188,-122.4020272865
80357768,37.7525050785758,-122.414089000708
110932125,37.7178890796259,-122.422472009162
90810574,37.7916902259131,-122.404223195649
51266992,37.754859882847,-122.396716088152
110611404,37.7800356268394,-122.409795194505
60161175,37.7520744105877,-122.421142428897
80002775,37.7552854398529,-122.442400038837
70510443,37.7729953727174,-122.445904271169
40152047,37.775420706711,-122.403404791479
120093585,37.7838066631424,-122.409129633669
90548383,37.7564864109309,-122.406539115148
60078439,37.7427030847405,-122.387927387609
130946071,37.7770259271797,-122.412620258006
40008923,37.7566903372798,-122.505665082728
120666922,37.7800332991006,-122.464279879446
71006392,37.7717157193406,-122.423619488896
120758579,37.7283272767993,-122.467737439144
80753451,37.7734744540003,-122.504150711413
80014617,37.7517273844659,-122.48973839543
90669569,37.7617007179518,-122.42158168137
100720899,37.7612944300102,-122.406991322127
120964328,37.7811328608446,-122.40529891114
41197335,37.7882799630246,-122.423598600861
150001097,37.7591673695367,-122.396100402003
151006696,37.7348003995543,-122.474490986467
151015910,37.7490413093633,-122.418137290501
151034299,37.7648666651043,-122.423637302048
151043397,37.7107332124,-122.418770479936
151078623,37.7250650064437,-122.405750990595
151086284,37.7745659838451,-122.441110854133
151086397,37.7388551620145,-122.427428110382
151105743,37.8022789218117,-122.424733311866
151109018,37.775420706711,-122.403404791479
151110087,37.792537817505,-122.394064715984
151111881,37.7677678622499,-122.453326877728
151113655,37.7724556440219,-122.416305723264
150827116,37.7481554692332,-122.458680189782
150830658,37.7614759654451,-122.502846256289
150833969,37.7932572003309,-122.396305356237
150839995,37.7870372043685,-122.41827417166
150844869,37.7740418385041,-122.414370627495
150865514,37.7630501118925,-122.388742066283
150878783,37.7209451195999,-122.460290505803
150889263,37.7725405391593,-122.466204667893
150901384,37.7446799417931,-122.481180963255
150959361,37.787245037815,-122.416642370005
150969570,37.7785045190918,-122.405618998022
150985037,37.7422229731464,-122.49444031319
150989960,37.775420706711,-122.403404791479
150643229,37.734623708357,-122.475102006298
150979892,37.760355128289,-122.401205610338