Point X,Point Y,Tree Height
-122.497151,37.758768,4
-122.499475,37.761305,5
-122.506829,37.758874,5
-122.4972,37.759558,5
-122.503667,37.757577,5
-122.494154,37.757276,5
-122.493829,37.757406,5
-122.49384,37.757642,5
-122.493612,37.759022,5
-122.496685,37.751382,5
-122.496251,37.751406,5
-122.507557,37.751722,5
-122.506474,37.751425,5
-122.491256,37.734995,5
-122.490349,37.735766,5
-122.481867,37.755508,5
-122.494136,37.759596,5
-122.491669,37.759116,5
-122.489613,37.756437,5
-122.485587,37.74501,5
-122.495341,37.75834,5
-122.482275,37.759134,5
-122.502954,37.735629,5
-122.503012,37.735632,5
-122.505804,37.744281,5
-122.483133,37.754075,5
-122.488881,37.746029,5
-122.492968,37.745025,5
-122.49496,37.75388,5
-122.501748,37.762992,5
-122.490737,37.741717,5
-122.483103,37.740139,5
-122.508173,37.760584,5
-122.477578,37.753216,5
-122.504879,37.761672,5
-122.50731,37.758574,5
-122.502545,37.759089,5
-122.50058,37.744161,5
-122.501514,37.744337,5
-122.505832,37.74458,5
-122.505911,37.745772,5
-122.494261,37.749798,5
-122.493169,37.749696,5
-122.493045,37.7497,5
-122.49273,37.749716,5
-122.49264,37.749725,5
-122.489179,37.737313,5
-122.499013,37.739326,5
-122.494912,37.746907,5
-122.483714,37.754049,5
-122.505674,37.757658,5
-122.506459,37.758463,5
-122.503554,37.755975,5
-122.504375,37.739212,5
-122.504132,37.735787,5
-122.494227,37.735642,5
-122.490921,37.759809,5
-122.505104,37.753082,5
-122.502999,37.73615,5
-122.498404,37.736549,5
-122.496298,37.759857,5
-122.491732,37.755994,5
-122.480602,37.752731,5
-122.490268,37.750412,5
-122.491771,37.743413,5
-122.486512,37.746401,5
-122.482882,37.739216,5
-122.498382,37.741969,5
-122.497186,37.741928,5
-122.50106,37.755106,5
-122.483047,37.741663,5
-122.475681,37.740878,5
-122.47563,37.740146,5
-122.497258,37.744977,5
-122.480215,37.755868,5
-122.481989,37.754843,5
-122.483174,37.743448,5
-122.488065,37.749486,5
-122.490757,37.759567,5
-122.489584,37.746113,5
-122.489292,37.746121,5
-122.481926,37.756284,5
-122.485191,37.75679,5
-122.488505,37.755767,5
-122.501557,37.758271,5
-122.506945,37.745188,5
-122.499002,37.754598,5
-122.494227,37.743551,5
-122.486875,37.744365,5
-122.477752,37.742806,5
-122.494458,37.746203,5
-122.494649,37.741037,5
-122.494495,37.738629,5
-122.493792,37.736797,5
-122.493797,37.736849,5
-122.478762,37.741965,5
-122.506796,37.743073,5
-122.48133,37.740861,5
-122.496135,37.761951,5
-122.493384,37.764337,5
-122.487148,37.740759,5
-122.481193,37.748347,5
-122.506935,37.758182,5
-122.482242,37.745453,5
-122.485693,37.764156,5
-122.494408,37.763566,5
-122.493877,37.761045,5
-122.495107,37.747365,5
-122.482033,37.755507,5
-122.4756338,37.78051412,5
-122.4744414,37.78057106,5
-122.448905,37.77811077,5
-122.4488937,37.77806075,5
-122.505005,37.763487,5
-122.497228,37.759958,5
-122.503379,37.755601,5
-122.503383,37.755659,5
-122.498478,37.75694,5
-122.49843,37.756942,5
-122.493829,37.757393,5
-122.493651,37.759024,5
-122.492921,37.75761,5
-122.493526,37.757311,5
-122.481007,37.758524,5
-122.478745,37.756835,5
-122.478922,37.756081,5
-122.488382,37.756553,5
-122.506665,37.741115,5
-122.504596,37.752902,5
-122.483015,37.754285,5
-122.497905,37.734551,5
-122.508167,37.760502,5
-122.506237,37.762363,5
-122.502593,37.75979,5
-122.494008,37.746064,5
-122.501523,37.757752,5
-122.49977,37.743787,5
-122.496303,37.738324,5
-122.503719,37.745177,5
-122.490709,37.758928,5
-122.500447,37.744454,5
-122.505979,37.744551,5
-122.501855,37.747106,5
-122.505909,37.745731,5
-122.478451,37.754076,5
-122.492927,37.749706,5
-122.49345,37.746093,5
-122.509295,37.760721,5
-122.498681,37.740102,5
-122.495417,37.75434,5
-122.495215,37.751187,5
-122.492297,37.753656,5
-122.494426,37.743799,5
-122.506303,37.737389,5
-122.506496,37.73888,5
-122.494742,37.741623,5
-122.495263,37.757898,5
-122.494091,37.741223,5
-122.498958,37.753921,5
-122.499143,37.754375,5
-122.50051,37.754984,5
-122.500429,37.754985,5
-122.484719,37.747949,5
-122.492773,37.744245,5
-122.490576,37.741791,5
-122.486407,37.746404,5
-122.502356,37.754295,5
-122.490448,37.739932,5
-122.500905,37.755113,5
-122.485328,37.741205,5
-122.483084,37.74213,5
-122.496172,37.740361,5
-122.505801,37.742148,5
-122.497785,37.752534,5
-122.482039,37.755591,5
-122.478211,37.747057,5
-122.483288,37.744931,5
-122.483138,37.742959,5
-122.483217,37.74406,5
-122.485278,37.742781,5
-122.485318,37.743371,5
-122.485377,37.744217,5
-122.487173,37.75462,5
-122.483966,37.752609,5
-122.491215,37.750707,5
-122.483119,37.740326,5
-122.487986,37.757551,5
-122.490718,37.758968,5
-122.483262,37.755897,5
-122.500395,37.75901,5
-122.491703,37.755588,5
-122.501354,37.757486,5
-122.503623,37.756927,5
-122.495289,37.757445,5
-122.488413,37.754273,5
-122.49393,37.738856,5
-122.494142,37.742615,5
-122.493928,37.741315,5
-122.494573,37.748388,5
-122.494629,37.749231,5
-122.47633,37.737744,5
-122.494268,37.744348,5
-122.497074,37.742444,5
-122.502137,37.735734,5
-122.494646,37.740061,5
-122.505276,37.736776,5
-122.481213,37.740867,5
-122.481168,37.740868,5
-122.489784,37.743512,5
-122.487803,37.763432,5
-122.500565,37.756998,5
-122.485664,37.763582,5
-122.485762,37.762868,5
-122.485529,37.761705,5
-122.480309,37.761774,5
-122.496309,37.762027,5
-122.49629,37.761812,5
-122.504652,37.764147,5
-122.502915,37.762073,5
-122.495338,37.75298,5
-122.495508,37.752951,5
-122.495157,37.749096,5
-122.495132,37.746491,5
-122.494954,37.744837,5
-122.4561484,37.78114063,5
-122.4499886,37.78124965,5
-122.4768055,37.78045682,5
-122.4735668,37.78060636,5
-122.506827,37.75881,5
-122.503353,37.755293,5
-122.495843,37.75818,5
-122.494074,37.758819,5
-122.494075,37.758689,5
-122.494668,37.757255,5
-122.494934,37.757929,5
-122.493832,37.757571,5
-122.493841,37.759019,5
-122.489604,37.756362,5
-122.495321,37.758284,5
-122.48112,37.758035,5
-122.478969,37.756082,5
-122.486296,37.757342,5
-122.505925,37.738075,5
-122.504397,37.747479,5
-122.501875,37.75323,5
-122.483049,37.754077,5
-122.494876,37.753193,5
-122.490798,37.744797,5
-122.487459,37.740922,5
-122.508253,37.760411,5
-122.505017,37.761465,5
-122.480782,37.753058,5
-122.485084,37.753094,5
-122.478537,37.738571,5
-122.506688,37.762189,5
-122.50502,37.763636,5
-122.500547,37.761251,5
-122.495112,37.736662,5
-122.494977,37.738553,5
-122.500289,37.743771,5
-122.499619,37.743797,5
-122.504101,37.748343,5
-122.49272,37.744248,5
-122.50171,37.744947,5
-122.496055,37.740793,5
-122.498997,37.739209,5
-122.499033,37.739579,5
-122.488833,37.753812,5
-122.503725,37.758408,5
-122.504774,37.758038,5
-122.506582,37.758456,5
-122.508805,37.756378,5
-122.505742,37.743338,5
-122.494578,37.740039,5
-122.490664,37.742982,5
-122.494953,37.746698,5
-122.483891,37.763345,5
-122.501171,37.754901,5
-122.502416,37.739471,5
-122.498557,37.73654,5
-122.501922,37.763356,5
-122.50202,37.762394,5
-122.497233,37.760028,5
-122.4916,37.754141,5
-122.501148,37.736672,5
-122.49594,37.76155,5
-122.495745,37.7586,5
-122.485161,37.741167,5
-122.485248,37.742355,5
-122.483265,37.742492,5
-122.47567,37.740627,5
-122.475655,37.740487,5
-122.475607,37.739806,5
-122.501466,37.741589,5
-122.497396,37.744802,5
-122.50172,37.745077,5
-122.493377,37.735347,5
-122.481808,37.754877,5
-122.481814,37.754955,5
-122.48331,37.745244,5
-122.483346,37.745788,5
-122.490858,37.745569,5
-122.481348,37.7446,5
-122.482977,37.742828,5
-122.483357,37.743671,5
-122.483327,37.743296,5
-122.483212,37.74399,5
-122.483229,37.744195,5
-122.485315,37.743276,5
-122.485353,37.743827,5
-122.485533,37.74405,5
-122.4795,37.752432,5
-122.491227,37.75096,5
-122.478641,37.740126,5
-122.485083,37.739985,5
-122.4928,37.758056,5
-122.483304,37.758567,5
-122.480053,37.756034,5
-122.483208,37.755898,5
-122.497378,37.759866,5
-122.502597,37.757641,5
-122.483482,37.747723,5
-122.505851,37.744937,5
-122.506898,37.744504,5
-122.507117,37.747603,5
-122.495119,37.755548,5
-122.495397,37.759624,5
-122.495467,37.760055,5
-122.49543,37.761088,5
-122.495579,37.76354,5
-122.495802,37.763447,5
-122.492152,37.753669,5
-122.493965,37.740251,5
-122.494081,37.740678,5
-122.494255,37.743857,5
-122.494331,37.743916,5
-122.494353,37.744683,5
-122.494865,37.74324,5
-122.497045,37.741978,5
-122.497071,37.742334,5
-122.494667,37.740098,5
-122.494601,37.738743,5
-122.493695,37.736065,5
-122.480623,37.737691,5
-122.481117,37.740869,5
-122.48107,37.74087,5
-122.496178,37.762061,5
-122.485463,37.743094,5
-122.496113,37.761078,5
-122.495744,37.75558,5
-122.478829,37.763565,5
-122.480346,37.748386,5
-122.50498,37.758531,5
-122.485761,37.762825,5
-122.48031,37.761835,5
-122.483459,37.760736,5
-122.500726,37.763853,5
-122.497402,37.762417,5
-122.500694,37.761174,5
-122.49515,37.746419,5
-122.4543022,37.77764175,5
-122.49163,37.754497,5
-122.503527,37.757724,5
-122.506785,37.758253,5
-122.508791,37.756108,5
-122.492325,37.764524,5
-122.493325,37.763441,5
-122.480124,37.761256,5
-122.482397,37.763003,5
-122.493845,37.757707,5
-122.493856,37.757873,5
-122.493745,37.759022,5
-122.492904,37.757405,5
-122.491353,37.734719,5
-122.490372,37.735795,5
-122.491794,37.759063,5
-122.488552,37.758961,5
-122.488538,37.756311,5
-122.506675,37.74125,5
-122.506501,37.751973,5
-122.501947,37.753226,5
-122.487454,37.740853,5
-122.502902,37.764144,5
-122.4975,37.763725,5
-122.509017,37.759415,5
-122.492531,37.752023,5
-122.496241,37.743687,5
-122.49564,37.737162,5
-122.499915,37.743787,5
-122.49946,37.74349,5
-122.499447,37.743396,5
-122.499426,37.743117,5
-122.501234,37.7407,5
-122.495374,37.752638,5
-122.484195,37.752118,5
-122.490868,37.753517,5
-122.476672,37.748703,5
-122.492496,37.749731,5
-122.509331,37.760825,5
-122.498136,37.739938,5
-122.499034,37.739727,5
-122.495354,37.753152,5
-122.503501,37.758588,5
-122.508735,37.756486,5
-122.503424,37.740948,5
-122.505654,37.742203,5
-122.505726,37.743234,5
-122.495102,37.753724,5
-122.480843,37.74081,5
-122.483108,37.742444,5
-122.506444,37.754702,5
-122.502707,37.754889,5
-122.498464,37.736541,5
-122.498759,37.736524,5
-122.498821,37.736532,5
-122.477661,37.748506,5
-122.482257,37.745566,5
-122.490287,37.750722,5
-122.486592,37.743918,5
-122.490056,37.749484,5
-122.486266,37.741603,5
-122.478664,37.738037,5
-122.479837,37.741747,5
-122.498434,37.74197,5
-122.485443,37.742896,5
-122.490582,37.741729,5
-122.488398,37.741389,5
-122.485311,37.741095,5
-122.483052,37.741741,5
-122.475676,37.740776,5
-122.475602,37.739714,5
-122.475594,37.7396,5
-122.492742,37.739554,5
-122.480017,37.755873,5
-122.481985,37.754758,5
-122.481983,37.754599,5
-122.481227,37.746193,5
-122.485336,37.743578,5
-122.485377,37.744133,5
-122.485516,37.743866,5
-122.488669,37.751921,5
-122.482924,37.739836,5
-122.48294,37.740099,5
-122.482966,37.740427,5
-122.483123,37.740397,5
-122.495034,37.759178,5
-122.481443,37.757694,5
-122.4885,37.758341,5
-122.49276,37.757592,5
-122.48526,37.757793,5
-122.480208,37.756028,5
-122.481918,37.756181,5
-122.481941,37.756414,5
-122.481961,37.756754,5
-122.482086,37.756413,5
-122.485179,37.756608,5
-122.485227,37.757305,5
-122.488555,37.755663,5
-122.502755,37.759932,5
-122.499158,37.756754,5
-122.485473,37.758752,5
-122.491764,37.756401,5
-122.50712,37.747632,5
-122.502972,37.747665,5
-122.499185,37.754976,5
-122.495568,37.762185,5
-122.495529,37.76227,5
-122.488254,37.754974,5
-122.495531,37.764244,5
-122.494038,37.740967,5
-122.493917,37.741165,5
-122.494591,37.748242,5
-122.494784,37.751127,5
-122.49967,37.743796,5
-122.497049,37.741947,5
-122.49708,37.742491,5
-122.478783,37.742149,5
-122.485085,37.742732,5
-122.495814,37.757956,5
-122.494177,37.734548,5
-122.487847,37.761945,5
-122.481039,37.741317,5
-122.500161,37.756864,5
-122.485517,37.761538,5
-122.480305,37.761731,5
-122.506665,37.756457,5
-122.496247,37.761268,5
-122.488769,37.75361,5
-122.495594,37.755082,5
-122.495555,37.753926,5
-122.495372,37.750935,5
-122.495305,37.750876,5
-122.4480059,37.78001182,5
-122.4541343,37.77555693,5
-122.4547281,37.77991385,5
-122.508172,37.756663,5
-122.496025,37.755857,5
-122.495882,37.75822,5
-122.479014,37.760743,5
-122.49489,37.75731,5
-122.498812,37.751876,5
-122.505014,37.753085,5
-122.480957,37.754162,5
-122.491785,37.758955,5
-122.494871,37.756929,5
-122.50584,37.744767,5
-122.506963,37.747207,5
-122.507431,37.75216,5
-122.491264,37.751462,5
-122.496227,37.74337,5
-122.501694,37.744744,5
-122.484039,37.752122,5
-122.501744,37.762962,5
-122.494461,37.76436,5
-122.509191,37.761853,5
-122.508938,37.762091,5
-122.503525,37.757673,5
-122.491413,37.751427,5
-122.491367,37.750754,5
-122.494152,37.746644,5
-122.49388,37.74607,5
-122.493928,37.746067,5
-122.505026,37.763749,5
-122.500744,37.756987,5
-122.496087,37.743698,5
-122.494887,37.738557,5
-122.487826,37.764894,5
-122.494931,37.738555,5
-122.487659,37.764901,5
-122.499971,37.743781,5
-122.499716,37.743796,5
-122.499467,37.743591,5
-122.499454,37.743451,5
-122.502563,37.743929,5
-122.478926,37.757343,5
-122.499665,37.751256,5
-122.493559,37.746085,5
-122.49807,37.738969,5
-122.504616,37.74266,5
-122.480698,37.742742,5
-122.492418,37.752593,5
-122.494698,37.741151,5
-122.498942,37.753696,5
-122.50517,37.753081,5
-122.50108,37.754948,5
-122.500954,37.754956,5
-122.494235,37.763165,5
-122.491888,37.760344,5
-122.486539,37.743093,5
-122.487494,37.740746,5
-122.487615,37.740739,5
-122.480569,37.752337,5
-122.487907,37.749808,5
-122.485946,37.746429,5
-122.479839,37.741784,5
-122.49567,37.757509,5
-122.494219,37.735506,5
-122.4854,37.742274,5
-122.48303,37.741368,5
-122.480115,37.755869,5
-122.481194,37.745827,5
-122.483354,37.746066,5
-122.49099,37.745418,5
-122.483201,37.743851,5
-122.485346,37.743759,5
-122.489138,37.737957,5
-122.490391,37.752257,5
-122.478842,37.748614,5
-122.479004,37.748606,5
-122.485278,37.74051,5
-122.488329,37.740226,5
-122.482399,37.759672,5
-122.484208,37.756058,5
-122.491988,37.759685,5
-122.485304,37.758407,5
-122.482014,37.757548,5
-122.502771,37.744711,5
-122.502574,37.744217,5
-122.507184,37.746328,5
-122.495571,37.763732,5
-122.493902,37.738778,5
-122.494138,37.740947,5
-122.494235,37.743594,5
-122.483963,37.742603,5
-122.494553,37.74797,5
-122.494791,37.751194,5
-122.476393,37.73869,5
-122.494449,37.746399,5
-122.494614,37.741024,5
-122.478756,37.741683,5
-122.496215,37.762069,5
-122.496132,37.761989,5
-122.49576,37.755903,5
-122.494091,37.734105,5
-122.489877,37.762413,5
-122.480409,37.748381,5
-122.485619,37.74549,5
-122.485687,37.764084,5
-122.503897,37.762973,5
-122.502888,37.76397,5
-122.491708,37.74021,5
-122.495261,37.749054,5
-122.494884,37.745156,5
-122.483528,37.754051,5
-122.4488603,37.77995249,5
-122.44809,37.77995927,5
-122.4480626,37.77999898,5
-122.4525183,37.78166376,5
-122.4787516,37.78037026,5
-122.506638,37.760315,5
-122.495873,37.758206,5
-122.494063,37.758682,5
-122.494061,37.75729,5
-122.493853,37.757786,5
-122.499223,37.75127,5
-122.498953,37.751283,5
-122.491257,37.734957,5
-122.477329,37.754292,5
-122.48087,37.754371,5
-122.492981,37.760605,5
-122.506101,37.739919,5
-122.482937,37.744681,5
-122.500374,37.743472,5
-122.507001,37.745925,5
-122.507074,37.746991,5
-122.502992,37.747953,5
-122.507374,37.751342,5
-122.496978,37.754185,5
-122.49807,37.754428,5
-122.483008,37.754114,5
-122.489494,37.750015,5
-122.486826,37.74711,5
-122.476907,37.743573,5
-122.48233,37.744466,5
-122.49495,37.753866,5
-122.480633,37.737815,5
-122.498403,37.759222,5
-122.479596,37.751657,5
-122.493752,37.746074,5
-122.491125,37.747432,5
-122.479632,37.738858,5
-122.487424,37.740484,5
-122.500187,37.743774,5
-122.499469,37.743675,5
-122.500387,37.74364,5
-122.499359,37.744317,5
-122.507179,37.74846,5
-122.509307,37.760423,5
-122.496073,37.741204,5
-122.489221,37.737357,5
-122.498111,37.739787,5
-122.499023,37.739532,5
-122.49237,37.753656,5
-122.505705,37.758143,5
-122.506713,37.758455,5
-122.494681,37.743574,5
-122.483098,37.742391,5
-122.484117,37.754622,5
-122.492417,37.752562,5
-122.498991,37.754459,5
-122.502653,37.754871,5
-122.502545,37.754894,5
-122.500915,37.754959,5
-122.500768,37.754966,5
-122.503373,37.737753,5
-122.501739,37.762897,5
-122.501743,37.762932,5
-122.477377,37.75989,5
-122.491601,37.754124,5
-122.486457,37.746404,5
-122.501198,37.75519,5
-122.501123,37.755101,5
-122.480488,37.764338,5
-122.489451,37.741013,5
-122.485148,37.741009,5
-122.485154,37.741086,5
-122.483262,37.742428,5
-122.483232,37.741986,5
-122.498973,37.751739,5
-122.497013,37.754658,5
-122.476396,37.74686,5
-122.481779,37.754551,5
-122.48196,37.754311,5
-122.48302,37.742825,5
-122.483156,37.743214,5
-122.48549,37.743477,5
-122.485473,37.743266,5
-122.489336,37.739291,5
-122.483839,37.753084,5
-122.483969,37.752678,5
-122.483954,37.752461,5
-122.49012,37.750483,5
-122.479068,37.748603,5
-122.489808,37.748126,5
-122.491123,37.747367,5
-122.48293,37.739914,5
-122.485054,37.739577,5
-122.492943,37.75799,5
-122.489742,37.746103,5
-122.481159,37.758553,5
-122.477781,37.758593,5
-122.47998,37.756037,5
-122.498,37.75711,5
-122.503536,37.755698,5
-122.500835,37.755116,5
-122.495584,37.763681,5
-122.495629,37.763384,5
-122.495701,37.763356,5
-122.479465,37.742803,5
-122.484473,37.744272,5
-122.494963,37.753802,5
-122.50508,37.743562,5
-122.502267,37.737395,5
-122.494622,37.739769,5
-122.49459,37.738811,5
-122.49458,37.738657,5
-122.493792,37.736819,5
-122.493773,37.736831,5
-122.496091,37.762052,5
-122.495732,37.757747,5
-122.494431,37.737723,5
-122.494299,37.736309,5
-122.494155,37.734377,5
-122.492992,37.743182,5
-122.478161,37.745808,5
-122.481426,37.764486,5
-122.494314,37.764357,5
-122.477733,37.761759,5
-122.494804,37.745239,5
-122.482036,37.755546,5
-122.4480391,37.77973168,5
-122.4808164,37.78027282,5
-122.4854143,37.78007499,5
-122.4876229,37.77997651,5
-122.4489177,37.77819842,5
-122.4193177,37.74044981,7
-122.496978,37.758878,8
-122.497024,37.758875,9
-122.4207144,37.76343087,14
-122.507039,37.761872,15
-122.506911,37.759963,15
-122.49936,37.757512,15
-122.498064,37.756566,15
-122.482491,37.764388,15
-122.504637,37.758223,15
-122.485894,37.764697,15
-122.486842,37.762923,15
-122.486621,37.761947,15
-122.486625,37.762008,15
-122.482531,37.762824,15
-122.482352,37.762353,15
-122.482378,37.760588,15
-122.486677,37.760558,15
-122.494054,37.758545,15
-122.494052,37.758479,15
-122.494012,37.75784,15
-122.494913,37.757523,15
-122.494958,37.758259,15
-122.49497,37.758394,15
-122.494979,37.758564,15
-122.494988,37.758611,15
-122.499812,37.7507,15
-122.498753,37.751291,15
-122.49809,37.751341,15
-122.498018,37.751344,15
-122.497472,37.751351,15
-122.496476,37.751398,15
-122.496035,37.751413,15
-122.496838,37.754295,15
-122.490756,37.734764,15
-122.490954,37.760226,15
-122.491693,37.757683,15
-122.491601,37.759112,15
-122.487433,37.758159,15
-122.486496,37.757877,15
-122.486393,37.758535,15
-122.495702,37.763384,15
-122.482107,37.758823,15
-122.482132,37.759169,15
-122.486266,37.756734,15
-122.483283,37.744862,15
-122.48348,37.745592,15
-122.503004,37.735632,15
-122.485624,37.745504,15
-122.489706,37.744511,15
-122.488039,37.74431,15
-122.482071,37.743004,15
-122.482115,37.743661,15
-122.482149,37.744108,15
-122.482149,37.744172,15
-122.482264,37.743484,15
-122.488718,37.743542,15
-122.482035,37.742431,15
-122.480467,37.741057,15
-122.479812,37.74148,15
-122.478636,37.737638,15
-122.478815,37.740238,15
-122.482888,37.752414,15
-122.48985,37.738017,15
-122.506926,37.762328,15
-122.483962,37.752528,15
-122.484872,37.752415,15
-122.484896,37.752888,15
-122.484931,37.753378,15
-122.48495,37.753572,15
-122.487765,37.751955,15
-122.489252,37.751403,15
-122.489061,37.750664,15
-122.492429,37.747857,15
-122.491128,37.747502,15
-122.482062,37.74058,15
-122.481975,37.739336,15
-122.508967,37.758705,15
-122.506843,37.759032,15
-122.504355,37.760414,15
-122.50909,37.76043,15
-122.507028,37.761655,15
-122.508119,37.763996,15
-122.504066,37.763229,15
-122.500811,37.762814,15
-122.502908,37.762129,15
-122.503761,37.761029,15
-122.502978,37.758767,15
-122.49936,37.759647,15
-122.497343,37.759378,15
-122.502467,37.757901,15
-122.477855,37.741952,15
-122.484764,37.7639,15
-122.486986,37.763062,15
-122.485706,37.762106,15
-122.499777,37.750237,15
-122.494023,37.758013,15
-122.493883,37.758244,15
-122.488652,37.744834,15
-122.505839,37.747258,15
-122.506498,37.74739,15
-122.503046,37.748733,15
-122.481466,37.753929,15
-122.489145,37.75359,15
-122.476851,37.7487,15
-122.484629,37.740875,15
-122.496231,37.743445,15
-122.498923,37.740089,15
-122.498601,37.740103,15
-122.496948,37.740781,15
-122.483336,37.75407,15
-122.477273,37.754139,15
-122.501794,37.758668,15
-122.503198,37.758606,15
-122.506401,37.758468,15
-122.507829,37.75571,15
-122.483569,37.7428,15
-122.492718,37.742398,15
-122.492774,37.742438,15
-122.499972,37.737691,15
-122.499976,37.737816,15
-122.499985,37.737922,15
-122.499993,37.737976,15
-122.499998,37.73804,15
-122.503608,37.736134,15
-122.503239,37.735989,15
-122.50323,37.735901,15
-122.504144,37.735896,15
-122.504154,37.735983,15
-122.50386,37.735641,15
-122.495537,37.748621,15
-122.495512,37.748169,15
-122.495462,37.747693,15
-122.495353,37.746119,15
-122.495787,37.745998,15
-122.494623,37.740037,15
-122.493867,37.737781,15
-122.482639,37.742663,15
-122.486733,37.761417,15
-122.481253,37.761993,15
-122.480125,37.7579,15
-122.480382,37.75789,15
-122.486461,37.757436,15
-122.486411,37.756733,15
-122.487193,37.75572,15
-122.487306,37.756239,15
-122.487049,37.757446,15
-122.505095,37.747208,15
-122.507534,37.746641,15
-122.502237,37.739761,15
-122.502244,37.739845,15
-122.491716,37.740322,15
-122.49547,37.754919,15
-122.481392,37.764017,15
-122.490132,37.763722,15
-122.494439,37.764019,15
-122.483273,37.760166,15
-122.491722,37.758105,15
-122.49071,37.758798,15
-122.482372,37.745073,15
-122.483375,37.74403,15
-122.490425,37.752594,15
-122.489224,37.750986,15
-122.486337,37.74641,15
-122.478792,37.742326,15
-122.48317,37.741171,15
-122.484141,37.739617,15
-122.492433,37.737474,15
-122.492453,37.737733,15
-122.486423,37.741555,15
-122.477655,37.7414,15
-122.477903,37.742567,15
-122.47653,37.738266,15
-122.498492,37.741962,15
-122.493408,37.735724,15
-122.480964,37.755419,15
-122.503975,37.74661,15
-122.481833,37.755083,15
-122.482007,37.755003,15
-122.482005,37.75494,15
-122.483929,37.754339,15
-122.483202,37.746541,15
-122.483269,37.746535,15
-122.481165,37.745318,15
-122.483481,37.745645,15
-122.487109,37.751421,15
-122.487091,37.751144,15
-122.480504,37.751326,15
-122.477103,37.752275,15
-122.481921,37.738602,15
-122.491967,37.759366,15
-122.492033,37.759249,15
-122.487643,37.757568,15
-122.485466,37.75861,15
-122.484427,37.759167,15
-122.483418,37.746772,15
-122.494225,37.763024,15
-122.489758,37.760639,15
-122.485511,37.759233,15
-122.477788,37.758662,15
-122.483472,37.747655,15
-122.483491,37.747838,15
-122.494096,37.741238,15
-122.49429,37.743775,15
-122.494657,37.741562,15
-122.505792,37.736041,15
-122.493313,37.763221,15
-122.494278,37.761708,15
-122.490937,37.762218,15
-122.485579,37.762393,15
-122.482183,37.759879,15
-122.496363,37.764065,15
-122.4489654,37.77570648,15
-122.4548178,37.77757668,15
-122.4546759,37.77759411,15
-122.4477956,37.77863458,15
-122.4479772,37.77861612,15
-122.4483206,37.77857014,15
-122.448842,37.7785056,15
-122.4485701,37.7805322,15
-122.4489111,37.77951234,15
-122.4489746,37.77983201,15
-122.4854995,37.77991786,15
-122.4496047,37.78203921,15
-122.4833253,37.78030177,15
-122.4513148,37.78181848,15
-122.4735302,37.78046544,15
-122.4755649,37.78037349,15
-122.4861789,37.78016851,15
-122.4864014,37.78015739,15
-122.4520486,37.78163947,15
-122.4551306,37.78038593,15
-122.4476041,37.77613164,15
-122.4746698,37.78069844,15
-122.4817328,37.7803741,15
-122.4546632,37.77962767,15
-122.4547977,37.77961893,15
-122.4550763,37.7771169,15
-122.501365,37.755387,15
-122.498011,37.755736,15
-122.482516,37.76472,15
-122.492094,37.763469,15
-122.494113,37.76144,15
-122.495782,37.758282,15
-122.488766,37.761925,15
-122.486783,37.76211,15
-122.48678,37.761997,15
-122.494154,37.759941,15
-122.494151,37.759928,15
-122.486667,37.762544,15
-122.482471,37.761854,15
-122.482464,37.761792,15
-122.486545,37.760694,15
-122.486549,37.760813,15
-122.486627,37.759842,15
-122.49493,37.75779,15
-122.495002,37.758826,15
-122.492925,37.757689,15
-122.497024,37.751367,15
-122.496406,37.751397,15
-122.489731,37.734815,15
-122.489867,37.734807,15
-122.490538,37.753998,15
-122.491692,37.757566,15
-122.493773,37.756536,15
-122.485709,37.757652,15
-122.482055,37.758044,15
-122.482083,37.758462,15
-122.481885,37.744729,15
-122.484369,37.745051,15
-122.484389,37.745354,15
-122.487112,37.753651,15
-122.484438,37.746043,15
-122.493108,37.744965,15
-122.478486,37.744727,15
-122.482097,37.743385,15
-122.482139,37.743971,15
-122.482291,37.743882,15
-122.481937,37.741049,15
-122.481979,37.741694,15
-122.482021,37.742309,15
-122.48219,37.742551,15
-122.482168,37.742191,15
-122.482136,37.741715,15
-122.482123,37.741506,15
-122.478648,37.737777,15
-122.493752,37.754017,15
-122.483822,37.752892,15
-122.485129,37.753641,15
-122.485028,37.752336,15
-122.481715,37.737964,15
-122.482008,37.73987,15
-122.481963,37.739253,15
-122.506456,37.762203,15
-122.497814,37.762581,15
-122.497565,37.762541,15
-122.504501,37.762289,15
-122.503778,37.75915,15
-122.50277,37.758775,15
-122.503405,37.758746,15
-122.501533,37.760012,15
-122.501322,37.760547,15
-122.497192,37.757272,15
-122.502443,37.757602,15
-122.502134,37.758651,15
-122.49624,37.743542,15
-122.487364,37.763193,15
-122.502555,37.741731,15
-122.5046,37.740151,15
-122.497747,37.747774,15
-122.505149,37.747794,15
-122.503012,37.748172,15
-122.499602,37.747777,15
-122.499681,37.748931,15
-122.499705,37.749242,15
-122.499786,37.750302,15
-122.499805,37.750576,15
-122.503021,37.747541,15
-122.50385,37.74701,15
-122.505514,37.747428,15
-122.506109,37.746336,15
-122.505964,37.746451,15
-122.507919,37.74941,15
-122.481739,37.753707,15
-122.492595,37.752996,15
-122.492793,37.753427,15
-122.509151,37.759134,15
-122.496078,37.740362,15
-122.496078,37.74123,15
-122.488986,37.737144,15
-122.499049,37.739939,15
-122.499439,37.74325,15
-122.478799,37.754251,15
-122.481701,37.754136,15
-122.482743,37.754082,15
-122.50265,37.758409,15
-122.503492,37.757243,15
-122.495437,37.758166,15
-122.504093,37.756686,15
-122.49108,37.74247,15
-122.492779,37.742558,15
-122.491581,37.740677,15
-122.491586,37.740725,15
-122.486482,37.740791,15
-122.504082,37.736115,15
-122.503219,37.735734,15
-122.50413,37.735694,15
-122.505546,37.743693,15
-122.498907,37.747727,15
-122.499249,37.747712,15
-122.499335,37.747707,15
-122.494494,37.740876,15
-122.493996,37.737522,15
-122.480247,37.739195,15
-122.482861,37.742655,15
-122.478643,37.755582,15
-122.484095,37.754316,15
-122.498265,37.757241,15
-122.480298,37.763794,15
-122.494355,37.745639,15
-122.480857,37.7652,15
-122.483659,37.763459,15
-122.494239,37.763321,15
-122.482031,37.740189,15
-122.486749,37.761602,15
-122.488592,37.75963,15
-122.476087,37.744836,15
-122.498273,37.764429,15
-122.486833,37.755738,15
-122.487339,37.75673,15
-122.486736,37.757461,15
-122.498927,37.753513,15
-122.499162,37.754649,15
-122.499109,37.753886,15
-122.506079,37.748364,15
-122.498002,37.736564,15
-122.483591,37.764685,15
-122.492165,37.764423,15
-122.494443,37.76407,15
-122.488457,37.744438,15
-122.490852,37.743311,15
-122.49296,37.74274,15
-122.487544,37.740749,15
-122.478811,37.742576,15
-122.485266,37.740295,15
-122.487406,37.740208,15
-122.477661,37.741447,15
-122.477529,37.741032,15
-122.491522,37.739827,15
-122.501208,37.755296,15
-122.501231,37.755674,15
-122.496843,37.754378,15
-122.483093,37.746545,15
-122.483146,37.746536,15
-122.483343,37.74572,15
-122.477186,37.743078,15
-122.47716,37.742902,15
-122.487163,37.754564,15
-122.477531,37.752562,15
-122.492378,37.736678,15
-122.482193,37.752211,15
-122.476843,37.750412,15
-122.478389,37.74936,15
-122.481771,37.73875,15
-122.485282,37.740575,15
-122.485269,37.740393,15
-122.485234,37.739886,15
-122.491973,37.759455,15
-122.491972,37.759411,15
-122.487809,37.757559,15
-122.482079,37.756335,15
-122.482994,37.756082,15
-122.483232,37.757368,15
-122.503846,37.760008,15
-122.492312,37.7642,15
-122.495567,37.762531,15
-122.495621,37.76438,15
-122.490168,37.740465,15
-122.480926,37.748362,15
-122.480561,37.748374,15
-122.480482,37.748377,15
-122.497486,37.761449,15
-122.501504,37.759611,15
-122.485618,37.762969,15
-122.48332,37.760853,15
-122.4548196,37.77969666,15
-122.4488839,37.7758844,15
-122.4482392,37.7785816,15
-122.4482001,37.77607097,15
-122.4493825,37.78089573,15
-122.4481097,37.77956751,15
-122.4513609,37.78047395,15
-122.4506149,37.78056996,15
-122.4499777,37.78065673,15
-122.4789282,37.78050392,15
-122.4489331,37.78189041,15
-122.4499759,37.78179276,15
-122.4544966,37.77814861,15
-122.4745764,37.78069757,15
-122.4502981,37.78195058,15
-122.4757676,37.78036862,15
-122.4780193,37.78026366,15
-122.480902,37.78041169,15
-122.4538144,37.7803966,15
-122.4518123,37.77511732,15
-122.4517396,37.77512992,15
-122.4516609,37.77513882,15
-122.4553048,37.77861721,15
-122.455291,37.77854784,15
-122.4486822,37.78215021,15
-122.4546659,37.77897131,15
-122.485641,37.77991271,15
-122.4866425,37.78014596,15
-122.4870692,37.78012772,15
-122.4544626,37.77867999,15
-122.4545666,37.77849327,15
-122.4549075,37.77631081,15
-122.4549611,37.7765631,15
-122.4550373,37.77693294,15
-122.4551132,37.77729186,15
-122.4551309,37.77738726,15
-122.4490466,37.77610911,15
-122.4513595,37.77744788,15
-122.499505,37.761861,15
-122.49726,37.75823,15
-122.50677,37.757979,15
-122.48254,37.765033,15
-122.48262,37.764047,15
-122.486743,37.763833,15
-122.486757,37.763964,15
-122.486882,37.763349,15
-122.48997,37.763878,15
-122.494113,37.761506,15
-122.494152,37.759885,15
-122.494573,37.758989,15
-122.48222,37.760452,15
-122.486498,37.760063,15
-122.486688,37.760752,15
-122.499818,37.750817,15
-122.499468,37.751261,15
-122.499136,37.751272,15
-122.498408,37.751329,15
-122.497298,37.751354,15
-122.489857,37.734724,15
-122.477885,37.755965,15
-122.491663,37.754939,15
-122.491707,37.757764,15
-122.491906,37.760583,15
-122.491932,37.758836,15
-122.48638,37.758329,15
-122.48638,37.758409,15
-122.495106,37.756325,15
-122.486429,37.759094,15
-122.485436,37.758091,15
-122.486299,37.757211,15
-122.490566,37.756789,15
-122.481826,37.744733,15
-122.502959,37.735629,15
-122.485673,37.746133,15
-122.480314,37.744651,15
-122.478841,37.743077,15
-122.481933,37.741119,15
-122.482188,37.742456,15
-122.490458,37.735439,15
-122.486018,37.753478,15
-122.486176,37.753419,15
-122.488269,37.739419,15
-122.484881,37.752491,15
-122.484909,37.753029,15
-122.484928,37.753298,15
-122.482051,37.740437,15
-122.488562,37.737644,15
-122.492528,37.736645,15
-122.509092,37.760484,15
-122.506398,37.762202,15
-122.507878,37.764007,15
-122.504983,37.763162,15
-122.497673,37.762582,15
-122.500705,37.761251,15
-122.502818,37.760777,15
-122.504996,37.761218,15
-122.502679,37.758887,15
-122.502548,37.759115,15
-122.501428,37.760539,15
-122.502428,37.757398,15
-122.477704,37.742079,15
-122.490018,37.762264,15
-122.485259,37.76143,15
-122.498773,37.743996,15
-122.499707,37.749297,15
-122.485347,37.759,15
-122.480061,37.758268,15
-122.47844,37.748473,15
-122.50577,37.743741,15
-122.503141,37.747536,15
-122.506078,37.745833,15
-122.507414,37.747346,15
-122.507162,37.748202,15
-122.507197,37.748748,15
-122.507203,37.748844,15
-122.504061,37.74791,15
-122.507484,37.750757,15
-122.507478,37.75056,15
-122.478332,37.754085,15
-122.477015,37.748692,15
-122.477111,37.748995,15
-122.484691,37.740867,15
-122.4833,37.740935,15
-122.476825,37.741219,15
-122.476636,37.742409,15
-122.476698,37.739355,15
-122.496032,37.740579,15
-122.504437,37.741703,15
-122.498139,37.740045,15
-122.498077,37.739182,15
-122.50046,37.738105,15
-122.498988,37.739142,15
-122.499016,37.739458,15
-122.499442,37.743301,15
-122.500519,37.743083,15
-122.500143,37.737961,15
-122.499892,37.736631,15
-122.499931,37.737053,15
-122.483652,37.754044,15
-122.502644,37.758351,15
-122.506365,37.756743,15
-122.506779,37.758181,15
-122.507944,37.757407,15
-122.508795,37.756253,15
-122.506742,37.755496,15
-122.506738,37.75546,15
-122.49285,37.74356,15
-122.491441,37.740569,15
-122.499943,37.737215,15
-122.499958,37.737508,15
-122.495572,37.749069,15
-122.497365,37.746517,15
-122.498985,37.747723,15
-122.505598,37.745557,15
-122.505657,37.745554,15
-122.494671,37.740117,15
-122.494563,37.740054,15
-122.493839,37.735286,15
-122.48531,37.743213,15
-122.488018,37.764215,15
-122.488879,37.761497,15
-122.488873,37.761382,15
-122.477926,37.758293,15
-122.483499,37.747943,15
-122.495436,37.760425,15
-122.487352,37.756894,15
-122.48692,37.75745,15
-122.486691,37.757462,15
-122.478282,37.74115,15
-122.478571,37.741137,15
-122.499093,37.753689,15
-122.499997,37.75342,15
-122.487983,37.763887,15
-122.49428,37.763863,15
-122.491732,37.75592,15
-122.488529,37.744438,15
-122.488628,37.744498,15
-122.485354,37.741609,15
-122.492883,37.736973,15
-122.477874,37.742127,15
-122.47746,37.741032,15
-122.477394,37.741034,15
-122.476622,37.742183,15
-122.47663,37.742241,15
-122.47678,37.741714,15
-122.498259,37.741722,15
-122.492625,37.740249,15
-122.491584,37.737695,15
-122.49337,37.735212,15
-122.493411,37.735766,15
-122.501242,37.755794,15
-122.501026,37.756827,15
-122.495702,37.7575,15
-122.475624,37.740007,15
-122.477764,37.755675,15
-122.481146,37.745098,15
-122.481155,37.745257,15
-122.481167,37.745378,15
-122.483318,37.745449,15
-122.486516,37.745105,15
-122.477589,37.752415,15
-122.491005,37.751819,15
-122.476766,37.75229,15
-122.483295,37.758287,15
-122.482978,37.757626,15
-122.482889,37.757628,15
-122.48349,37.747869,15
-122.50472,37.757293,15
-122.506802,37.756339,15
-122.495644,37.764182,15
-122.495589,37.764294,15
-122.493868,37.739048,15
-122.494428,37.745423,15
-122.494624,37.741106,15
-122.494534,37.739521,15
-122.496068,37.762035,15
-122.4907,37.74345,15
-122.490225,37.740463,15
-122.485701,37.764272,15
-122.494214,37.764609,15
-122.483327,37.760928,15
-122.485471,37.760824,15
-122.495387,37.752401,15
-122.495433,37.752386,15
-122.4551281,37.78100138,15
-122.4549067,37.77756014,15
-122.452099,37.78055144,15
-122.4521902,37.78054342,15
-122.453685,37.77572337,15
-122.452355,37.78168878,15
-122.4788371,37.78050545,15
-122.4800118,37.78045471,15
-122.4843287,37.78025725,15
-122.4859898,37.78017538,15
-122.4549246,37.77772852,15
-122.4520055,37.78147006,15
-122.4736003,37.78074247,15
-122.4768501,37.78031428,15
-122.4785584,37.78024353,15
-122.4785026,37.78052583,15
-122.4472125,37.7777143,15
-122.4483502,37.77622487,15
-122.501777,37.76349,15
-122.504759,37.760025,15
-122.499978,37.75687,15
-122.482458,37.763955,15
-122.497127,37.758474,15
-122.504634,37.758178,15
-122.482642,37.764467,15
-122.486781,37.764246,15
-122.48683,37.762787,15
-122.486823,37.762745,15
-122.494535,37.758989,15
-122.494076,37.75876,15
-122.482413,37.761041,15
-122.4867,37.760938,15
-122.494932,37.7578,15
-122.499557,37.751257,15
-122.499384,37.751269,15
-122.499313,37.751271,15
-122.498618,37.751297,15
-122.498565,37.75133,15
-122.497596,37.75135,15
-122.496561,37.751393,15
-122.491331,37.734428,15
-122.493604,37.754296,15
-122.490946,37.760166,15
-122.491856,37.759856,15
-122.492947,37.757909,15
-122.491721,37.759113,15
-122.491533,37.75912,15
-122.478077,37.747266,15
-122.492988,37.745341,15
-122.481142,37.758354,15
-122.480787,37.756022,15
-122.489407,37.755752,15
-122.484585,37.746024,15
-122.490807,37.744917,15
-122.487921,37.744315,15
-122.479574,37.744681,15
-122.478656,37.744722,15
-122.478406,37.744734,15
-122.482125,37.74377,15
-122.482161,37.74431,15
-122.482313,37.744157,15
-122.479751,37.740546,15
-122.480626,37.73772,15
-122.479346,37.73473,15
-122.479746,37.738239,15
-122.493606,37.75437,15
-122.484863,37.752216,15
-122.484914,37.753097,15
-122.484927,37.753229,15
-122.485137,37.753718,15
-122.485102,37.753341,15
-122.505187,37.76392,15
-122.497741,37.762582,15
-122.502687,37.758947,15
-122.503436,37.758743,15
-122.499404,37.757047,15
-122.499834,37.757027,15
-122.502473,37.75803,15
-122.502486,37.758269,15
-122.502494,37.758314,15
-122.487423,37.763186,15
-122.502547,37.741645,15
-122.504352,37.736668,15
-122.498017,37.747763,15
-122.499607,37.747828,15
-122.499661,37.748694,15
-122.499669,37.748757,15
-122.49967,37.748815,15
-122.488691,37.761046,15
-122.493913,37.758613,15
-122.490817,37.758243,15
-122.481721,37.755961,15
-122.483859,37.744639,15
-122.507483,37.7507,15
-122.507474,37.750489,15
-122.507395,37.749517,15
-122.479459,37.754014,15
-122.4788,37.754051,15
-122.477111,37.748939,15
-122.48454,37.740876,15
-122.498763,37.740095,15
-122.503594,37.739876,15
-122.504277,37.741706,15
-122.49811,37.739718,15
-122.499887,37.736563,15
-122.492219,37.753663,15
-122.494502,37.753562,15
-122.502783,37.758623,15
-122.508889,37.757624,15
-122.50764,37.755148,15
-122.483407,37.742801,15
-122.491576,37.740619,15
-122.499964,37.737568,15
-122.499983,37.737859,15
-122.503454,37.736145,15
-122.503242,37.736058,15
-122.495466,37.747834,15
-122.495439,37.747515,15
-122.495427,37.74601,15
-122.486453,37.742003,15
-122.484101,37.754459,15
-122.478438,37.750249,15
-122.494229,37.735757,15
-122.48376,37.76335,15
-122.49017,37.764383,15
-122.477949,37.758534,15
-122.481339,37.747877,15
-122.480785,37.748364,15
-122.49821,37.764433,15
-122.488686,37.760883,15
-122.486452,37.757271,15
-122.487267,37.755771,15
-122.496067,37.753492,15
-122.498917,37.753403,15
-122.502424,37.73958,15
-122.498278,37.736551,15
-122.490399,37.739102,15
-122.501935,37.763634,15
-122.497042,37.757263,15
-122.483721,37.764401,15
-122.486734,37.763718,15
-122.486765,37.764117,15
-122.486925,37.763898,15
-122.487988,37.763849,15
-122.487958,37.763576,15
-122.481124,37.760258,15
-122.492998,37.758714,15
-122.492863,37.741377,15
-122.492532,37.754311,15
-122.485501,37.743665,15
-122.489632,37.743578,15
-122.486986,37.749768,15
-122.492868,37.743734,15
-122.47869,37.740822,15
-122.488439,37.739675,15
-122.492774,37.737019,15
-122.492375,37.736611,15
-122.492437,37.737527,15
-122.477875,37.742187,15
-122.476781,37.74177,15
-122.498259,37.741808,15
-122.498256,37.741763,15
-122.49336,37.735034,15
-122.499783,37.756884,15
-122.485143,37.740922,15
-122.481824,37.755035,15
-122.483311,37.745307,15
-122.485644,37.745804,15
-122.485632,37.745655,15
-122.477013,37.742908,15
-122.482166,37.744384,15
-122.483318,37.743229,15
-122.488456,37.739945,15
-122.491163,37.751813,15
-122.491291,37.751848,15
-122.478295,37.750554,15
-122.477794,37.752249,15
-122.476596,37.752296,15
-122.483083,37.739848,15
-122.492102,37.75924,15
-122.483295,37.758423,15
-122.482137,37.757089,15
-122.485288,37.756122,15
-122.504725,37.759429,15
-122.503819,37.761957,15
-122.486525,37.760508,15
-122.48668,37.760631,15
-122.506842,37.756947,15
-122.493951,37.73947,15
-122.494755,37.742041,15
-122.49466,37.741045,15
-122.507295,37.763335,15
-122.503632,37.757101,15
-122.485678,37.763956,15
-122.485467,37.760727,15
-122.49564,37.75387,15
-122.4488798,37.77585319,15
-122.4545231,37.77826438,15
-122.4482604,37.77636839,15
-122.4484057,37.77855684,15
-122.4560203,37.78125617,15
-122.4488985,37.78015054,15
-122.4489476,37.78195339,15
-122.4489657,37.78134605,15
-122.4489893,37.77990335,15
-122.4544191,37.77840648,15
-122.4834633,37.78001432,15
-122.4517678,37.78176171,15
-122.4557757,37.78126395,15
-122.4756988,37.78036829,15
-122.4829463,37.78004052,15
-122.4850989,37.78021664,15
-122.4863191,37.78016062,15
-122.4546054,37.77934602,15
-122.4554412,37.77928775,15
-122.4520165,37.78153402,15
-122.4757268,37.78051404,15
-122.4871405,37.77999569,15
-122.4513255,37.77729254,15
-122.4525613,37.78049265,15
-122.4205791,37.76344328,15
-122.506927,37.758119,15
-122.505642,37.755059,15
-122.501359,37.755343,15
-122.485704,37.764327,15
-122.486967,37.764646,15
-122.489968,37.76378,15
-122.49213,37.763895,15
-122.492135,37.764015,15
-122.489824,37.761602,15
-122.486837,37.762863,15
-122.494494,37.758995,15
-122.482505,37.762502,15
-122.482475,37.762006,15
-122.482304,37.761682,15
-122.494,37.757715,15
-122.499043,37.751282,15
-122.498165,37.751338,15
-122.497386,37.75135,15
-122.497167,37.75136,15
-122.496323,37.751403,15
-122.49134,37.734506,15
-122.489802,37.734728,15
-122.489968,37.734802,15
-122.490882,37.734755,15
-122.491682,37.757516,15
-122.491731,37.758194,15
-122.491931,37.758796,15
-122.48743,37.758099,15
-122.486399,37.758628,15
-122.482042,37.757892,15
-122.480058,37.758152,15
-122.486295,37.757293,15
-122.488566,37.75672,15
-122.482845,37.746408,15
-122.48443,37.745844,15
-122.484584,37.745931,15
-122.485655,37.74594,15
-122.487259,37.74449,15
-122.47856,37.744723,15
-122.482244,37.743275,15
-122.481973,37.741616,15
-122.482145,37.741775,15
-122.482098,37.741236,15
-122.479815,37.74161,15
-122.484942,37.753511,15
-122.485116,37.753545,15
-122.485115,37.753484,15
-122.487068,37.752942,15
-122.48906,37.750802,15
-122.488077,37.749615,15
-122.482067,37.740646,15
-122.482043,37.740325,15
-122.489506,37.739564,15
-122.504911,37.762151,15
-122.508973,37.758774,15
-122.502915,37.762186,15
-122.502424,37.757354,15
-122.47768,37.741803,15
-122.477707,37.742117,15
-122.493254,37.764511,15
-122.499466,37.743626,15
-122.498263,37.747752,15
-122.498414,37.747742,15
-122.499624,37.748095,15
-122.499699,37.749173,15
-122.48321,37.759267,15
-122.47892,37.757301,15
-122.478917,37.75727,15
-122.481796,37.755962,15
-122.493753,37.756208,15
-122.492022,37.744719,15
-122.506189,37.745529,15
-122.506124,37.746477,15
-122.506432,37.747234,15
-122.507139,37.747991,15
-122.506207,37.747586,15
-122.503606,37.751102,15
-122.507481,37.750607,15
-122.507525,37.751339,15
-122.490116,37.753549,15
-122.49261,37.753304,15
-122.494075,37.749805,15
-122.503654,37.739874,15
-122.499046,37.739856,15
-122.4999,37.736755,15
-122.477021,37.754308,15
-122.478884,37.754253,15
-122.502656,37.758562,15
-122.508882,37.757448,15
-122.50892,37.758041,15
-122.502196,37.756776,15
-122.501434,37.756381,15
-122.493023,37.743702,15
-122.493029,37.743625,15
-122.49284,37.743452,15
-122.491586,37.740796,15
-122.491592,37.740844,15
-122.485718,37.740824,15
-122.501374,37.742397,15
-122.50389,37.736126,15
-122.505798,37.741969,15
-122.501982,37.743851,15
-122.495388,37.746684,15
-122.494601,37.740053,15
-122.482993,37.742653,15
-122.489955,37.742339,15
-122.488589,37.759579,15
-122.481502,37.747989,15
-122.480662,37.74837,15
-122.484405,37.745567,15
-122.493818,37.738987,15
-122.486439,37.757102,15
-122.486425,37.756937,15
-122.486403,37.75576,15
-122.498967,37.754049,15
-122.499157,37.754586,15
-122.4991,37.753804,15
-122.498061,37.736561,15
-122.487986,37.76378,15
-122.48797,37.763639,15
-122.494286,37.761849,15
-122.492959,37.758135,15
-122.488389,37.744445,15
-122.492523,37.754244,15
-122.486446,37.744123,15
-122.486037,37.751404,15
-122.485868,37.748794,15
-122.48281,37.738228,15
-122.47786,37.742092,15
-122.477572,37.741026,15
-122.476629,37.742145,15
-122.476788,37.741939,15
-122.493392,37.735555,15
-122.501202,37.755234,15
-122.490545,37.74124,15
-122.480958,37.742499,15
-122.479478,37.741099,15
-122.476841,37.742817,15
-122.496257,37.740355,15
-122.484175,37.755334,15
-122.483277,37.744795,15
-122.483456,37.745299,15
-122.485655,37.745849,15
-122.486514,37.745032,15
-122.478195,37.742858,15
-122.479519,37.752566,15
-122.49105,37.751815,15
-122.476846,37.752285,15
-122.478865,37.739253,15
-122.479041,37.739245,15
-122.483094,37.739915,15
-122.483077,37.73978,15
-122.48848,37.757993,15
-122.48778,37.757558,15
-122.485468,37.758682,15
-122.483158,37.758443,15
-122.482804,37.759504,15
-122.479458,37.759656,15
-122.483241,37.757544,15
-122.485332,37.756741,15
-122.489597,37.756203,15
-122.491761,37.756469,15
-122.492936,37.757759,15
-122.491776,37.758749,15
-122.485513,37.759277,15
-122.477789,37.758719,15
-122.478911,37.757139,15
-122.495533,37.762127,15
-122.495649,37.764343,15
-122.494661,37.741593,15
-122.495858,37.756512,15
-122.477601,37.763629,15
-122.480989,37.748355,15
-122.494278,37.761649,15
-122.485689,37.761883,15
-122.482211,37.760344,15
-122.48604,37.751512,15
-122.489468,37.738629,15
-122.49542,37.752397,15
-122.4479337,37.78107585,15
-122.4488408,37.78143038,15
-122.4490036,37.77591044,15
-122.4490152,37.77597801,15
-122.4485089,37.77854918,15
-122.4486014,37.77853337,15
-122.4486656,37.77852398,15
-122.4559326,37.78126135,15
-122.4543355,37.77798767,15
-122.4488187,37.78049834,15
-122.4490227,37.78050612,15
-122.4504994,37.78058396,15
-122.4488831,37.78007941,15
-122.4490274,37.78010445,15
-122.4489525,37.77974964,15
-122.4831705,37.78030714,15
-122.4550855,37.78134326,15
-122.4550295,37.78134884,15
-122.4558482,37.78126089,15
-122.4778426,37.78026957,15
-122.4489568,37.78127461,15
-122.4520951,37.78127057,15
-122.4548291,37.777742,15
-122.4518814,37.77510763,15
-122.4553992,37.77908441,15
-122.4520366,37.78158482,15
-122.4552865,37.77852173,15
-122.4735208,37.78074623,15
-122.454783,37.77954853,15
-122.483308,37.78002154,15
-122.4785919,37.78052286,15
-122.4553634,37.77890713,15
-122.4547884,37.77957911,15
-122.4543828,37.77827321,15
-122.4543712,37.77818881,15
-122.4548869,37.77617891,15
-122.4526407,37.78048111,15
-122.496207,37.758516,15
-122.500104,37.756867,15
-122.482492,37.764304,15
-122.503228,37.758604,15
-122.482637,37.764385,15
-122.493029,37.761362,15
-122.493041,37.761542,15
-122.486683,37.762734,15
-122.482503,37.762401,15
-122.482452,37.761691,15
-122.482341,37.76218,15
-122.481621,37.761591,15
-122.482165,37.759732,15
-122.482264,37.761208,15
-122.482425,37.761236,15
-122.486564,37.761032,15
-122.494004,37.757802,15
-122.494553,37.75727,15
-122.493144,37.759047,15
-122.496927,37.751372,15
-122.496843,37.751379,15
-122.495869,37.751417,15
-122.491328,37.734396,15
-122.490698,37.734686,15
-122.477957,37.755971,15
-122.490401,37.754544,15
-122.486621,37.759787,15
-122.490811,37.758171,15
-122.486392,37.758479,15
-122.482128,37.759098,15
-122.490575,37.756851,15
-122.48254,37.74748,15
-122.481943,37.744729,15
-122.482613,37.7447,15
-122.487632,37.74577,15
-122.489704,37.744457,15
-122.482073,37.74307,15
-122.482313,37.744087,15
-122.489774,37.743398,15
-122.481946,37.741226,15
-122.482003,37.742064,15
-122.479743,37.740494,15
-122.483168,37.74114,15
-122.506822,37.758778,15
-122.50339,37.737826,15
-122.508084,37.761484,15
-122.484918,37.753156,15
-122.485105,37.753416,15
-122.487701,37.751955,15
-122.49124,37.751193,15
-122.489233,37.751121,15
-122.488176,37.751108,15
-122.494107,37.746106,15
-122.50737,37.758569,15
-122.506842,37.759005,15
-122.506883,37.759722,15
-122.508848,37.762091,15
-122.505188,37.763895,15
-122.500739,37.764037,15
-122.502823,37.760901,15
-122.503829,37.759866,15
-122.501565,37.760424,15
-122.477861,37.742006,15
-122.502457,37.742587,15
-122.499681,37.748972,15
-122.499695,37.749114,15
-122.492954,37.758072,15
-122.490138,37.759178,15
-122.482915,37.759498,15
-122.481133,37.758222,15
-122.503809,37.746396,15
-122.506307,37.747239,15
-122.506196,37.747518,15
-122.507401,37.749545,15
-122.507399,37.749483,15
-122.507929,37.749521,15
-122.507376,37.751363,15
-122.507385,37.751492,15
-122.498889,37.753085,15
-122.479161,37.754029,15
-122.484244,37.752119,15
-122.49113,37.7535,15
-122.491709,37.753478,15
-122.492615,37.75337,15
-122.492882,37.753419,15
-122.492711,37.753433,15
-122.47661,37.748711,15
-122.509148,37.758984,15
-122.483231,37.74094,15
-122.496057,37.740964,15
-122.496943,37.740628,15
-122.50032,37.738111,15
-122.49901,37.739402,15
-122.499897,37.736697,15
-122.495588,37.754231,15
-122.477812,37.754277,15
-122.478069,37.754268,15
-122.47908,37.754243,15
-122.479963,37.754199,15
-122.480693,37.754238,15
-122.481542,37.75414,15
-122.503514,37.757523,15
-122.508901,37.757753,15
-122.508919,37.758019,15
-122.508427,37.756504,15
-122.494079,37.739281,15
-122.492991,37.743345,15
-122.492777,37.742484,15
-122.492812,37.742984,15
-122.492876,37.743885,15
-122.490572,37.741657,15
-122.485645,37.740828,15
-122.485772,37.740819,15
-122.485964,37.740808,15
-122.503228,37.73581,15
-122.503763,37.73564,15
-122.503962,37.735643,15
-122.502841,37.74381,15
-122.502978,37.743808,15
-122.505592,37.743693,15
-122.497387,37.744615,15
-122.494653,37.747193,15
-122.480469,37.739183,15
-122.482916,37.742652,15
-122.483186,37.743577,15
-122.483192,37.743648,15
-122.486892,37.763498,15
-122.494453,37.738852,15
-122.490093,37.76328,15
-122.47795,37.758603,15
-122.481348,37.747979,15
-122.480864,37.748365,15
-122.486356,37.755971,15
-122.486768,37.755734,15
-122.487013,37.755727,15
-122.478338,37.74115,15
-122.496017,37.753493,15
-122.499148,37.754511,15
-122.49967,37.753329,15
-122.500098,37.754946,15
-122.503067,37.735909,15
-122.498208,37.736552,15
-122.48695,37.764439,15
-122.487841,37.764145,15
-122.488045,37.764817,15
-122.492862,37.74142,15
-122.483298,37.745094,15
-122.483454,37.74517,15
-122.492576,37.752711,15
-122.486404,37.743514,15
-122.48812,37.750327,15
-122.487062,37.750789,15
-122.486452,37.744183,15
-122.487064,37.750726,15
-122.47879,37.742288,15
-122.483178,37.741222,15
-122.481752,37.738423,15
-122.48207,37.740773,15
-122.492712,37.737043,15
-122.477872,37.742273,15
-122.477331,37.741037,15
-122.477447,37.738297,15
-122.498606,37.741957,15
-122.502365,37.754352,15
-122.481954,37.735403,15
-122.49454,37.738181,15
-122.479281,37.764603,15
-122.480542,37.76508,15
-122.480966,37.742599,15
-122.500076,37.745626,15
-122.483942,37.754591,15
-122.483037,37.746548,15
-122.481134,37.744945,15
-122.481185,37.745582,15
-122.481185,37.745659,15
-122.493874,37.739357,15
-122.477244,37.743077,15
-122.482384,37.752202,15
-122.482581,37.752188,15
-122.477193,37.752269,15
-122.476938,37.752282,15
-122.476689,37.752293,15
-122.478938,37.73925,15
-122.485123,37.74053,15
-122.490803,37.760195,15
-122.488467,37.757851,15
-122.487743,37.757559,15
-122.485437,37.758241,15
-122.479055,37.759217,15
-122.485327,37.756609,15
-122.497047,37.757319,15
-122.493761,37.756411,15
-122.495602,37.764068,15
-122.49624,37.762019,15
-122.494522,37.737779,15
-122.494461,37.737743,15
-122.492188,37.742236,15
-122.507185,37.763914,15
-122.505167,37.763559,15
-122.498705,37.763545,15
-122.497496,37.761516,15
-122.494157,37.764608,15
-122.493246,37.7623,15
-122.485664,37.761502,15
-122.485439,37.760344,15
-122.485441,37.760413,15
-122.485556,37.759916,15
-122.495157,37.746787,15
-122.49493,37.744855,15
-122.4501256,37.78080302,15
-122.4486495,37.78052345,15
-122.4511765,37.78049931,15
-122.4487687,37.77948762,15
-122.4501319,37.78063931,15
-122.450056,37.780648,15
-122.4489456,37.77970885,15
-122.4862514,37.77988539,15
-122.4832314,37.78030519,15
-122.4786121,37.78023377,15
-122.4839993,37.78026463,15
-122.4860583,37.78017423,15
-122.4861197,37.78017043,15
-122.4520475,37.78101757,15
-122.4487387,37.77797413,15
-122.4872316,37.77984307,15
-122.4822087,37.78035428,15
-122.4735055,37.78060495,15
-122.4549286,37.77639108,15
-122.4549768,37.77665364,15
-122.4872605,37.78012173,15
-122.4546382,37.77885464,15
-122.4471785,37.77771816,15
-122.4366088,37.75346242,20
-122.414382622,37.7972776724,22
-122.500709,37.763557,25
-122.491866,37.760061,25
-122.48703,37.753683,25
-122.479576,37.738043,25
-122.505763,37.762226,25
-122.505486,37.760361,25
-122.503365,37.758747,25
-122.502454,37.757791,25
-122.484644,37.76433,25
-122.490196,37.76467,25
-122.490863,37.74576,25
-122.489086,37.753596,25
-122.488849,37.753607,25
-122.477889,37.750368,25
-122.500401,37.738107,25
-122.500199,37.738119,25
-122.500143,37.737898,25
-122.479333,37.754227,25
-122.479398,37.754229,25
-122.479469,37.754223,25
-122.503914,37.758576,25
-122.508891,37.757683,25
-122.501939,37.756786,25
-122.501853,37.756793,25
-122.494348,37.742843,25
-122.494673,37.747376,25
-122.494588,37.739997,25
-122.479997,37.739205,25
-122.487271,37.740535,25
-122.487482,37.738873,25
-122.475914,37.744667,25
-122.48367,37.763568,25
-122.483229,37.741896,25
-122.476621,37.754594,25
-122.498377,37.738213,25
-122.48715,37.735025,25
-122.4868,37.764492,25
-122.477881,37.759982,25
-122.490581,37.741865,25
-122.476512,37.737984,25
-122.501211,37.755371,25
-122.495992,37.762137,25
-122.495745,37.756418,25
-122.494327,37.738168,25
-122.494517,37.738024,25
-122.494169,37.735996,25
-122.481862,37.765158,25
-122.485507,37.743776,25
-122.4481883,37.78104747,25
-122.4485083,37.78100965,25
-122.4491374,37.7809286,25
-122.4539045,37.77569788,25
-122.4798872,37.78018061,25
-122.4481236,37.78087889,25
-122.447491,37.78027068,25
-122.4859963,37.77989521,25
-122.4513496,37.77738859,25
-122.4871526,37.77984072,25
-122.4757898,37.78064444,25
-122.483505,37.78029322,25
-122.451477,37.78179627,25
-122.4529037,37.78162019,25
-122.4538025,37.7815049,25
-122.4749129,37.78040038,25
-122.4840526,37.78026374,25
-122.4822626,37.7803519,25
-122.4500486,37.78157124,25
-122.4855349,37.78019825,25
-122.4546528,37.77891854,25
-122.4871572,37.78012162,25
-122.453382,37.77723616,25
-122.4532284,37.7764479,25
-122.493995,37.757642,25
-122.498121,37.764438,25
-122.509013,37.760375,25
-122.503849,37.760219,25
-122.508184,37.763993,25
-122.486804,37.764581,25
-122.487815,37.763796,25
-122.485703,37.762043,25
-122.48343,37.760271,25
-122.482233,37.758489,25
-122.482065,37.758246,25
-122.504851,37.747462,25
-122.504935,37.747141,25
-122.50739,37.74944,25
-122.478632,37.752364,25
-122.48901,37.753599,25
-122.493776,37.753383,25
-122.494879,37.750555,25
-122.495017,37.752428,25
-122.500609,37.738098,25
-122.500271,37.738113,25
-122.500153,37.73807,25
-122.494905,37.746753,25
-122.47707,37.754145,25
-122.502937,37.758614,25
-122.502885,37.758619,25
-122.507819,37.755589,25
-122.503558,37.736136,25
-122.494428,37.739937,25
-122.494597,37.74017,25
-122.494039,37.738179,25
-122.487391,37.738879,25
-122.487672,37.738869,25
-122.48482,37.740866,25
-122.494225,37.735775,25
-122.493763,37.735364,25
-122.483228,37.741919,25
-122.486962,37.764507,25
-122.486945,37.76418,25
-122.48833,37.738096,25
-122.495976,37.761947,25
-122.494543,37.738243,25
-122.494181,37.736209,25
-122.478969,37.742459,25
-122.495572,37.763932,25
-122.485368,37.734297,25
-122.4500154,37.78142212,25
-122.4538174,37.7757061,25
-122.4758884,37.78036068,25
-122.4796466,37.78047413,25
-122.4797609,37.78046778,25
-122.448175,37.78087525,25
-122.4485858,37.7808164,25
-122.4486453,37.78080798,25
-122.4533727,37.77576245,25
-122.4539763,37.77557462,25
-122.475881,37.78064291,25
-122.4777675,37.7805581,25
-122.4834447,37.780297,25
-122.4737608,37.78073613,25
-122.4548059,37.77582309,25
-122.447091,37.77829963,25
-122.453598,37.78036393,25
-122.4875326,37.7799854,25
-122.4849402,37.78022761,25
-122.4538563,37.78065341,25
-122.4499788,37.7819461,25
-122.4533445,37.77705481,25
-122.50377,37.759071,25
-122.502923,37.75877,25
-122.502506,37.7585,25
-122.484607,37.763917,25
-122.484614,37.763986,25
-122.484641,37.764396,25
-122.483293,37.760421,25
-122.482206,37.758183,25
-122.503844,37.746929,25
-122.504883,37.746347,25
-122.487694,37.738867,25
-122.489738,37.753766,25
-122.507838,37.755823,25
-122.502084,37.756779,25
-122.494361,37.743176,25
-122.484293,37.74089,25
-122.505036,37.736227,25
-122.48538,37.741975,25
-122.494765,37.743464,25
-122.48034,37.757888,25
-122.488922,37.757517,25
-122.508459,37.753505,25
-122.508506,37.75396,25
-122.480259,37.734934,25
-122.486729,37.763436,25
-122.486944,37.76429,25
-122.485953,37.750296,25
-122.486385,37.741021,25
-122.479539,37.737547,25
-122.483165,37.741069,25
-122.494556,37.738312,25
-122.479289,37.764815,25
-122.495772,37.764201,25
-122.496238,37.76442,25
-122.4482561,37.7810417,25
-122.4795917,37.78047358,25
-122.4482893,37.78085477,25
-122.4511076,37.78050696,25
-122.4503931,37.7805978,25
-122.4539281,37.7755822,25
-122.4873336,37.77983583,25
-122.4754135,37.78066182,25
-122.4486134,37.78216064,25
-122.4731683,37.78061485,25
-122.4738145,37.78045339,25
-122.4800693,37.78016869,25
-122.4809188,37.78013374,25
-122.4799468,37.78046023,25
-122.482309,37.78034964,25
-122.4865429,37.78015317,25
-122.4496205,37.77786212,25
-122.4475931,37.77609012,25
-122.4874308,37.78010964,25
-122.4877225,37.7799693,25
-122.447993,37.77808489,25
-122.4533983,37.7773135,25
-122.486024,37.751243,25
-122.499534,37.757038,25
-122.502452,37.757712,25
-122.486803,37.764622,25
-122.4919,37.758319,25
-122.477083,37.748775,25
-122.477099,37.748862,25
-122.484837,37.753987,25
-122.489023,37.75381,25
-122.495443,37.758407,25
-122.504183,37.756686,25
-122.501987,37.755063,25
-122.483689,37.742792,25
-122.492834,37.7433,25
-122.495383,37.746459,25
-122.494536,37.741592,25
-122.494639,37.740006,25
-122.487354,37.738879,25
-122.477828,37.74146,25
-122.504048,37.76299,25
-122.494253,37.744389,25
-122.494715,37.74346,25
-122.489833,37.75946,25
-122.489476,37.75651,25
-122.498933,37.738182,25
-122.49867,37.738202,25
-122.486949,37.764102,25
-122.492968,37.758188,25
-122.48596,37.750354,25
-122.486378,37.740922,25
-122.500141,37.755483,25
-122.495934,37.761417,25
-122.49414,37.735553,25
-122.481945,37.765156,25
-122.482953,37.765108,25
-122.492045,37.744957,25
-122.492856,37.75891,25
-122.4548103,37.7802095,25
-122.4482827,37.77590151,25
-122.479852,37.78046478,25
-122.4484095,37.78083884,25
-122.4484632,37.78083237,25
-122.4487083,37.78080136,25
-122.4505229,37.77780491,25
-122.4476813,37.78018061,25
-122.4870854,37.7798437,25
-122.4766449,37.78060795,25
-122.454405,37.77563458,25
-122.44806,37.78222649,25
-122.4514046,37.78180305,25
-122.4528629,37.78162645,25
-122.4811214,37.78012443,25
-122.4764397,37.78048511,25
-122.4515234,37.77754161,25
-122.4486962,37.77776707,25
-122.4544165,37.78157793,25
-122.4504968,37.78207093,25
-122.494922,37.757647,25
-122.483068,37.739646,25
-122.485985,37.750707,25
-122.486954,37.748943,25
-122.505793,37.762226,25
-122.505818,37.762225,25
-122.500898,37.762589,25
-122.503751,37.75878,25
-122.502319,37.758644,25
-122.502037,37.758657,25
-122.486667,37.764949,25
-122.487902,37.76481,25
-122.483299,37.760541,25
-122.493923,37.758696,25
-122.482213,37.758249,25
-122.507386,37.749406,25
-122.489778,37.738042,25
-122.500148,37.738012,25
-122.494993,37.748093,25
-122.494929,37.747071,25
-122.47681,37.754318,25
-122.493349,37.753613,25
-122.495381,37.757481,25
-122.495592,37.760311,25
-122.495654,37.761418,25
-122.502065,37.755055,25
-122.494191,37.741077,25
-122.494322,37.742661,25
-122.487167,37.740597,25
-122.504643,37.736246,25
-122.494659,37.740136,25
-122.494633,37.740014,25
-122.481929,37.735243,25
-122.498865,37.760657,25
-122.480869,37.738896,25
-122.486828,37.764857,25
-122.498452,37.738207,25
-122.486888,37.763433,25
-122.488045,37.76476,25
-122.487538,37.742094,25
-122.494562,37.7383,25
-122.494564,37.738269,25
-122.494568,37.738166,25
-122.481375,37.763827,25
-122.48214,37.765141,25
-122.493841,37.739322,25
-122.495173,37.761363,25
-122.48503,37.734298,25
-122.4551496,37.78048416,25
-122.4488525,37.7757494,25
-122.4759905,37.78035454,25
-122.4798093,37.78046845,25
-122.4483489,37.78085006,25
-122.4485204,37.78082492,25
-122.4475565,37.78053546,25
-122.486104,37.77988879,25
-122.4874449,37.77983211,25
-122.4774682,37.78057051,25
-122.474812,37.78069241,25
-122.4538714,37.78149632,25
-122.4756356,37.78037083,25
-122.4818178,37.7800922,25
-122.4769962,37.78059319,25
-122.4840386,37.78013085,25
-122.4841687,37.78026178,25
-122.4467245,37.77651014,25
-122.4471168,37.77839565,25
-122.4488781,37.77797249,25
-122.4476142,37.77620445,25
-122.4743565,37.78071584,25
-122.4781382,37.78025723,25
-122.4476852,37.78202863,25
-122.495803,37.758272,25
-122.508367,37.763355,25
-122.501007,37.762585,25
-122.500121,37.757013,25
-122.502381,37.75864,25
-122.502261,37.758646,25
-122.502207,37.758649,25
-122.484658,37.764631,25
-122.486811,37.764671,25
-122.482246,37.758606,25
-122.495262,37.755778,25
-122.50732,37.7506,25
-122.479256,37.754021,25
-122.481185,37.753945,25
-122.476771,37.748707,25
-122.494749,37.748207,25
-122.48001,37.754201,25
-122.501742,37.758668,25
-122.503506,37.757398,25
-122.502831,37.75862,25
-122.491762,37.743258,25
-122.504732,37.73624,25
-122.498822,37.747732,25
-122.494649,37.746983,25
-122.493885,37.73622,25
-122.480083,37.739202,25
-122.494263,37.744381,25
-122.48366,37.763512,25
-122.482524,37.747136,25
-122.493217,37.763922,25
-122.486797,37.7644,25
-122.476507,37.737852,25
-122.48408,37.763336,25
-122.4489019,37.78105985,25
-122.4488614,37.77577792,25
-122.4482299,37.78086969,25
-122.4508244,37.77805128,25
-122.4497709,37.77788341,25
-122.4476078,37.78019391,25
-122.4866547,37.77986477,25
-122.4755343,37.78065684,25
-122.4778455,37.78055236,25
-122.473053,37.78076985,25
-122.4731204,37.78076872,25
-122.473267,37.78075898,25
-122.4754962,37.78037907,25
-122.4796287,37.78032674,25
-122.4807569,37.78027529,25
-122.4811994,37.78012016,25
-122.4823797,37.78034845,25
-122.4807273,37.78041906,25
-122.4873429,37.78011942,25
-122.4532413,37.77654037,25
-122.4532053,37.7763654,25
-122.4144699,37.74082164,30
-122.495252,37.755547,35
-122.48792,37.737583,35
-122.495449,37.7546,35
-122.495383,37.754142,35
-122.495318,37.752707,35
-122.495328,37.756537,35
-122.503698,37.758043,35
-122.495703,37.762339,35
-122.49458,37.746258,35
-122.49463,37.742876,35
-122.486491,37.764949,35
-122.488708,37.757533,35
-122.495728,37.7583,35
-122.4473756,37.77971481,35
-122.4473691,37.77964426,35
-122.4505062,37.77774045,35
-122.4504994,37.77767185,35
-122.447268,37.7792276,35
-122.4865702,37.7798708,35
-122.4476759,37.7819851,35
-122.4533155,37.77688801,35
-122.5048,37.760631,35
-122.505995,37.760109,35
-122.477789,37.750376,35
-122.494861,37.750294,35
-122.495194,37.750908,35
-122.495008,37.748331,35
-122.495393,37.757672,35
-122.495457,37.75867,35
-122.507856,37.756111,35
-122.494165,37.740662,35
-122.494524,37.745392,35
-122.494661,37.743391,35
-122.494541,37.7401,35
-122.493843,37.735398,35
-122.50287,37.761567,35
-122.49619,37.764379,35
-122.495816,37.759572,35
-122.495545,37.755754,35
-122.494259,37.737233,35
-122.4476182,37.78079009,35
-122.4534418,37.77575377,35
-122.4475159,37.78037438,35
-122.4504343,37.77734923,35
-122.4504368,37.77737958,35
-122.4838994,37.78013227,35
-122.4875422,37.77982494,35
-122.4834485,37.78015644,35
-122.4746586,37.78056499,35
-122.4806417,37.78014283,35
-122.4801419,37.78045104,35
-122.480968,37.78040837,35
-122.4765259,37.7806129,35
-122.4818555,37.78036908,35
-122.4867005,37.78014314,35
-122.491387,37.73488,35
-122.506391,37.760497,35
-122.506493,37.76049,35
-122.476938,37.754148,35
-122.494801,37.748902,35
-122.494833,37.749394,35
-122.495308,37.75245,35
-122.495279,37.752122,35
-122.495252,37.751758,35
-122.49503,37.748577,35
-122.49503,37.752689,35
-122.494601,37.746533,35
-122.493976,37.737244,35
-122.501874,37.754921,35
-122.496003,37.762407,35
-122.49416,37.735786,35
-122.479854,37.742113,35
-122.4475774,37.78066527,35
-122.4496526,37.77800824,35
-122.4504811,37.77761006,35
-122.4506109,37.77754449,35
-122.4855633,37.77991402,35
-122.4543152,37.77564662,35
-122.4797868,37.78018229,35
-122.4799634,37.78017637,35
-122.4800732,37.78045368,35
-122.4811706,37.78040201,35
-122.4736615,37.78074387,35
-122.4763382,37.78062343,35
-122.4475724,37.77598752,35
-122.4505774,37.77741028,35
-122.504969,37.760785,35
-122.485032,37.765017,35
-122.48588,37.764569,35
-122.476785,37.754163,35
-122.476684,37.754166,35
-122.494812,37.749151,35
-122.494855,37.750027,35
-122.49498,37.751921,35
-122.488231,37.737573,35
-122.488137,37.737575,35
-122.49508,37.749361,35
-122.49481,37.745358,35
-122.495278,37.756044,35
-122.494091,37.739447,35
-122.494504,37.745151,35
-122.495576,37.756195,35
-122.495568,37.756013,35
-122.496329,37.764069,35
-122.4842354,37.77997738,35
-122.4852782,37.7799308,35
-122.4534797,37.77575013,35
-122.480179,37.78016537,35
-122.4810386,37.78040718,35
-122.4820896,37.78035481,35
-122.4806437,37.78042637,35
-122.4476319,37.78214107,35
-122.4477022,37.78214084,35
-122.4477025,37.78210829,35
-122.4514032,37.77765458,35
-122.4534712,37.77766494,35
-122.4532958,37.77679189,35
-122.489319,37.761079,35
-122.50649,37.76032,35
-122.506382,37.760321,35
-122.505844,37.76012,35
-122.50386,37.760323,35
-122.494916,37.7511,35
-122.487843,37.737587,35
-122.48777,37.737588,35
-122.495162,37.750463,35
-122.495058,37.749081,35
-122.495049,37.748855,35
-122.495416,37.757913,35
-122.495514,37.759292,35
-122.495622,37.761156,35
-122.506685,37.756781,35
-122.505878,37.760583,35
-122.502251,37.756775,35
-122.494111,37.740055,35
-122.494243,37.741522,35
-122.494621,37.74674,35
-122.494498,37.744912,35
-122.494511,37.74102,35
-122.494388,37.73933,35
-122.494551,37.740122,35
-122.486389,37.764953,35
-122.481018,37.765195,35
-122.4524795,37.77778408,35
-122.4504693,37.77754155,35
-122.4504495,37.77741901,35
-122.4477046,37.78218542,35
-122.4477088,37.78207844,35
-122.484589,37.763566,35
-122.49527,37.752024,35
-122.495261,37.75191,35
-122.494952,37.747492,35
-122.49494,37.747225,35
-122.503544,37.757931,35
-122.507941,37.757307,35
-122.495681,37.762058,35
-122.494107,37.739616,35
-122.494193,37.740865,35
-122.494671,37.740185,35
-122.493955,37.736974,35
-122.502875,37.761622,35
-122.495825,37.759797,35
-122.4833753,37.78002041,35
-122.4776151,37.78056509,35
-122.4830494,37.78003326,35
-122.4843844,37.78025631,35
-122.4851674,37.78008559,35
-122.4533661,37.77715241,35
-122.453279,37.77673113,35
-122.494887,37.74648,45
-122.496175,37.764423,45
-122.495454,37.754719,45
-122.495893,37.760652,45
-122.495594,37.756447,45
-122.494304,37.737754,45
-122.494147,37.735385,45
-122.4506663,37.77781575,45
-122.4497464,37.77777415,45
-122.494994,37.752153,45
-122.494868,37.746215,45
-122.494792,37.74511,45
-122.495798,37.759321,45
-122.494398,37.743588,45
-122.494415,37.739781,45
-122.49386,37.735633,45
-122.4506994,37.77799885,45
-122.4506376,37.77767485,45
-122.494773,37.744842,45
-122.494066,37.739069,45
-122.494265,37.741744,45
-122.49448,37.740717,45
-122.494378,37.73916,45
-122.494313,37.737974,45
-122.494239,37.736974,45
-122.4496769,37.77810693,45
-122.495147,37.750012,45
-122.494825,37.745589,45
-122.494278,37.741939,45
-122.493885,37.735863,45
-122.495752,37.758716,45
-122.495684,37.757656,45
-122.494199,37.736374,45
-122.453161,37.7761608,45
-122.489217,37.761085,45
-122.494089,37.739822,45
-122.494481,37.744653,45
-122.494652,37.743099,45
-122.494522,37.74133,45
-122.494397,37.739526,45
-122.4496389,37.77792919,45
-122.4506494,37.77774072,45
-122.4765416,37.78032979,45
-122.4467409,37.77656536,60
-122.4505953,37.77745755,60
-122.494273,37.737494,99